timestamps,open,high,low,close,volume,amount
2026-03-26 09:35:00,13.13,13.25,13.1,13.21,13744,18136706.0
2026-03-26 09:40:00,13.2,13.24,13.19,13.21,6844,9038709.0
2026-03-26 09:45:00,13.2,13.25,13.18,13.21,7873,10406224.0
2026-03-26 09:50:00,13.2,13.21,13.18,13.19,4873,6428778.0
2026-03-26 09:55:00,13.19,13.2,13.16,13.2,7071,9315681.0
2026-03-26 10:00:00,13.2,13.23,13.19,13.23,4785,6324397.0
2026-03-26 10:05:00,13.22,13.23,13.21,13.22,3517,4647393.0
2026-03-26 10:10:00,13.23,13.23,13.21,13.22,4285,5665330.0
2026-03-26 10:15:00,13.22,13.24,13.21,13.22,2720,3598584.0
2026-03-26 10:20:00,13.23,13.24,13.18,13.19,6205,8195396.0
2026-03-26 10:25:00,13.18,13.2,13.18,13.19,2536,3345349.0
2026-03-26 10:30:00,13.19,13.21,13.18,13.2,2694,3552608.0
2026-03-26 10:35:00,13.2,13.22,13.19,13.19,2437,3217663.0
2026-03-26 10:40:00,13.19,13.2,13.17,13.18,3544,4671579.0
2026-03-26 10:45:00,13.19,13.2,13.18,13.19,1653,2180447.0
2026-03-26 10:50:00,13.2,13.2,13.17,13.17,2336,3079320.0
2026-03-26 10:55:00,13.17,13.18,13.14,13.16,4296,5651816.0
2026-03-26 11:00:00,13.16,13.16,13.13,13.14,4223,5548917.0
2026-03-26 11:05:00,13.15,13.17,13.14,13.14,2175,2860463.0
2026-03-26 11:10:00,13.14,13.15,13.12,13.13,2629,3453791.0
2026-03-26 11:15:00,13.12,13.14,13.11,13.14,2384,3127825.0
2026-03-26 11:20:00,13.13,13.15,13.12,13.13,1462,1921155.0
2026-03-26 11:25:00,13.13,13.15,13.13,13.14,1932,2538406.0
2026-03-26 11:30:00,13.15,13.15,13.14,13.14,1114,1464338.0
2026-03-26 13:05:00,13.15,13.17,13.12,13.12,3237,4253482.0
2026-03-26 13:10:00,13.13,13.13,13.06,13.1,9386,12291809.0
2026-03-26 13:15:00,13.1,13.1,13.07,13.08,3194,4178125.0
2026-03-26 13:20:00,13.08,13.11,13.08,13.1,2389,3127025.0
2026-03-26 13:25:00,13.1,13.1,13.04,13.06,4113,5371579.0
2026-03-26 13:30:00,13.06,13.07,13.04,13.06,2845,3714107.0
2026-03-26 13:35:00,13.07,13.09,13.05,13.06,3827,5002258.0
2026-03-26 13:40:00,13.06,13.08,13.05,13.06,3819,4989308.0
2026-03-26 13:45:00,13.06,13.09,13.05,13.08,1840,2405892.0
2026-03-26 13:50:00,13.06,13.09,13.05,13.07,3029,3957591.0
2026-03-26 13:55:00,13.07,13.08,13.06,13.08,932,1218144.0
2026-03-26 14:00:00,13.08,13.1,13.06,13.07,2006,2622886.0
2026-03-26 14:05:00,13.07,13.09,13.06,13.09,2049,2678191.0
2026-03-26 14:10:00,13.09,13.09,13.06,13.07,1324,1731281.0
2026-03-26 14:15:00,13.06,13.07,13.05,13.05,2960,3864320.0
2026-03-26 14:20:00,13.04,13.06,13.04,13.05,1853,2418310.0
2026-03-26 14:25:00,13.05,13.05,13.03,13.04,2079,2711075.0
2026-03-26 14:30:00,13.05,13.05,13.03,13.05,1576,2054986.0
2026-03-26 14:35:00,13.05,13.05,13.02,13.04,4054,5283607.0
2026-03-26 14:40:00,13.04,13.06,13.03,13.04,3592,4685812.0
2026-03-26 14:45:00,13.03,13.04,13.01,13.02,3823,4978676.0
2026-03-26 14:50:00,13.02,13.03,13.01,13.02,3582,4663188.0
2026-03-26 14:55:00,13.03,13.05,13.02,13.04,3168,4131203.0
2026-03-26 15:00:00,13.04,13.07,13.04,13.07,3847,5023026.0
2026-03-27 09:35:00,12.9,13.15,12.84,13.09,21114,27432783.0
2026-03-27 09:40:00,13.1,13.12,13.08,13.11,7765,10177306.0
2026-03-27 09:45:00,13.12,13.16,13.07,13.07,7326,9607557.0
2026-03-27 09:50:00,13.07,13.12,13.07,13.08,8852,11586181.0
2026-03-27 09:55:00,13.08,13.13,13.07,13.12,3223,4222569.0
2026-03-27 10:00:00,13.11,13.16,13.11,13.16,3323,4364076.0
2026-03-27 10:05:00,13.16,13.17,13.14,13.16,4321,5683349.0
2026-03-27 10:10:00,13.16,13.17,13.13,13.16,3323,4368877.0
2026-03-27 10:15:00,13.16,13.19,13.16,13.18,3954,5211804.0
2026-03-27 10:20:00,13.19,13.23,13.19,13.2,4605,6082385.0
2026-03-27 10:25:00,13.2,13.2,13.14,13.15,2422,3189092.0
2026-03-27 10:30:00,13.15,13.17,13.15,13.17,2733,3597032.0
2026-03-27 10:35:00,13.16,13.19,13.15,13.17,2555,3364891.0
2026-03-27 10:40:00,13.17,13.18,13.15,13.16,1385,1823169.0
2026-03-27 10:45:00,13.16,13.16,13.14,13.14,1599,2102136.0
2026-03-27 10:50:00,13.14,13.17,13.14,13.15,1145,1506321.0
2026-03-27 10:55:00,13.15,13.16,13.14,13.15,1051,1382310.0
2026-03-27 11:00:00,13.15,13.15,13.1,13.11,2488,3264902.0
2026-03-27 11:05:00,13.12,13.14,13.11,13.12,1604,2105102.0
2026-03-27 11:10:00,13.11,13.13,13.11,13.12,1180,1547848.0
2026-03-27 11:15:00,13.12,13.14,13.12,13.13,1209,1587589.0
2026-03-27 11:20:00,13.14,13.15,13.12,13.15,946,1242311.0
2026-03-27 11:25:00,13.14,13.14,13.12,13.13,1215,1595705.0
2026-03-27 11:30:00,13.14,13.14,13.12,13.12,1060,1391698.0
2026-03-27 13:05:00,13.12,13.19,13.12,13.19,5361,7059299.0
2026-03-27 13:10:00,13.19,13.24,13.19,13.24,6665,8806923.0
2026-03-27 13:15:00,13.24,13.24,13.21,13.22,8217,10866741.0
2026-03-27 13:20:00,13.22,13.24,13.2,13.23,4570,6043020.0
2026-03-27 13:25:00,13.21,13.22,13.2,13.21,2381,3145433.0
2026-03-27 13:30:00,13.21,13.23,13.2,13.21,2917,3853841.0
2026-03-27 13:35:00,13.22,13.24,13.21,13.21,2556,3380818.0
2026-03-27 13:40:00,13.22,13.23,13.21,13.22,1606,2123707.0
2026-03-27 13:45:00,13.22,13.23,13.2,13.22,2015,2662398.0
2026-03-27 13:50:00,13.22,13.23,13.21,13.21,1209,1598185.0
2026-03-27 13:55:00,13.21,13.24,13.19,13.2,4958,6552539.0
2026-03-27 14:00:00,13.2,13.21,13.19,13.2,1885,2488650.0
2026-03-27 14:05:00,13.19,13.21,13.18,13.19,1755,2315228.0
2026-03-27 14:10:00,13.2,13.2,13.18,13.2,1215,1602676.0
2026-03-27 14:15:00,13.2,13.2,13.18,13.2,1241,1636786.0
2026-03-27 14:20:00,13.19,13.21,13.19,13.2,1197,1579837.0
2026-03-27 14:25:00,13.2,13.21,13.19,13.21,1631,2154097.0
2026-03-27 14:30:00,13.21,13.22,13.2,13.2,1838,2428343.0
2026-03-27 14:35:00,13.2,13.22,13.19,13.22,2318,3061326.0
2026-03-27 14:40:00,13.21,13.23,13.2,13.2,5669,7491961.0
2026-03-27 14:45:00,13.2,13.22,13.2,13.22,2259,2984873.0
2026-03-27 14:50:00,13.22,13.22,13.2,13.21,2278,3009191.0
2026-03-27 14:55:00,13.21,13.21,13.19,13.21,4208,5555482.0
2026-03-27 15:00:00,13.21,13.23,13.21,13.23,6344,8386548.0
2026-03-30 09:35:00,13.05,13.28,13.01,13.26,20052,26370369.0
2026-03-30 09:40:00,13.24,13.44,13.23,13.4,22235,29643887.0
2026-03-30 09:45:00,13.41,13.41,13.27,13.32,12767,17023183.0
2026-03-30 09:50:00,13.31,13.32,13.22,13.23,11898,15802268.0
2026-03-30 09:55:00,13.24,13.28,13.23,13.25,9254,12262991.0
2026-03-30 10:00:00,13.25,13.32,13.25,13.29,6596,8771751.0
2026-03-30 10:05:00,13.3,13.38,13.3,13.37,7363,9820947.0
2026-03-30 10:10:00,13.37,13.4,13.35,13.4,9125,12210619.0
2026-03-30 10:15:00,13.41,13.45,13.39,13.41,14655,19678585.0
2026-03-30 10:20:00,13.42,13.43,13.38,13.38,4610,6182181.0
2026-03-30 10:25:00,13.38,13.42,13.37,13.41,4615,6179257.0
2026-03-30 10:30:00,13.41,13.42,13.39,13.4,3500,4693861.0
2026-03-30 10:35:00,13.41,13.41,13.38,13.39,4265,5714056.0
2026-03-30 10:40:00,13.39,13.41,13.39,13.4,1567,2099490.0
2026-03-30 10:45:00,13.4,13.41,13.39,13.39,1885,2525506.0
2026-03-30 10:50:00,13.39,13.41,13.39,13.4,2724,3650267.0
2026-03-30 10:55:00,13.4,13.41,13.39,13.41,2176,2916196.0
2026-03-30 11:00:00,13.4,13.41,13.39,13.41,2539,3402187.0
2026-03-30 11:05:00,13.41,13.41,13.4,13.41,1290,1729522.0
2026-03-30 11:10:00,13.41,13.45,13.4,13.45,7289,9788041.0
2026-03-30 11:15:00,13.45,13.45,13.42,13.43,3029,4069129.0
2026-03-30 11:20:00,13.42,13.43,13.41,13.43,1633,2191924.0
2026-03-30 11:25:00,13.43,13.43,13.42,13.42,1531,2055363.0
2026-03-30 11:30:00,13.43,13.43,13.41,13.42,2301,3088181.0
2026-03-30 13:05:00,13.41,13.43,13.36,13.39,7091,9497579.0
2026-03-30 13:10:00,13.38,13.4,13.36,13.39,2753,3682439.0
2026-03-30 13:15:00,13.39,13.4,13.37,13.39,1282,1715766.0
2026-03-30 13:20:00,13.39,13.4,13.38,13.4,1571,2103753.0
2026-03-30 13:25:00,13.4,13.4,13.38,13.39,1249,1672399.0
2026-03-30 13:30:00,13.4,13.4,13.38,13.39,952,1274945.0
2026-03-30 13:35:00,13.39,13.42,13.39,13.42,2658,3562256.0
2026-03-30 13:40:00,13.42,13.42,13.39,13.4,1390,1862978.0
2026-03-30 13:45:00,13.4,13.4,13.38,13.38,1265,1694030.0
2026-03-30 13:50:00,13.38,13.4,13.38,13.4,832,1113817.0
2026-03-30 13:55:00,13.4,13.42,13.39,13.42,1827,2449014.0
2026-03-30 14:00:00,13.42,13.42,13.39,13.41,1254,1681067.0
2026-03-30 14:05:00,13.41,13.43,13.4,13.43,3249,4358413.0
2026-03-30 14:10:00,13.43,13.43,13.41,13.43,2248,3017214.0
2026-03-30 14:15:00,13.42,13.43,13.41,13.43,1498,2010754.0
2026-03-30 14:20:00,13.42,13.44,13.42,13.44,2623,3523114.0
2026-03-30 14:25:00,13.43,13.44,13.42,13.42,2982,4005787.0
2026-03-30 14:30:00,13.43,13.44,13.42,13.43,1876,2518926.0
2026-03-30 14:35:00,13.43,13.44,13.42,13.44,2022,2715625.0
2026-03-30 14:40:00,13.44,13.44,13.42,13.43,3548,4763206.0
2026-03-30 14:45:00,13.42,13.43,13.41,13.43,2085,2798887.0
2026-03-30 14:50:00,13.42,13.44,13.42,13.43,5986,8040822.0
2026-03-30 14:55:00,13.44,13.44,13.42,13.44,8006,10754766.0
2026-03-30 15:00:00,13.44,13.45,13.43,13.45,7930,10661496.0
2026-03-31 09:35:00,13.44,13.6,13.4,13.6,26171,35425178.0
2026-03-31 09:40:00,13.58,13.64,13.58,13.62,17273,23513227.0
2026-03-31 09:45:00,13.63,13.63,13.57,13.6,8458,11505063.0
2026-03-31 09:50:00,13.6,13.62,13.55,13.55,9610,13044398.0
2026-03-31 09:55:00,13.55,13.59,13.53,13.56,6464,8765183.0
2026-03-31 10:00:00,13.56,13.58,13.53,13.56,6657,9022700.0
2026-03-31 10:05:00,13.55,13.58,13.55,13.56,4498,6100151.0
2026-03-31 10:10:00,13.56,13.57,13.54,13.56,3842,5207793.0
2026-03-31 10:15:00,13.57,13.6,13.56,13.6,3085,4187109.0
2026-03-31 10:20:00,13.6,13.6,13.58,13.59,3011,4093221.0
2026-03-31 10:25:00,13.59,13.61,13.59,13.59,3168,4307982.0
2026-03-31 10:30:00,13.59,13.6,13.58,13.59,2623,3564775.0
2026-03-31 10:35:00,13.59,13.65,13.58,13.6,11045,15038884.0
2026-03-31 10:40:00,13.61,13.61,13.58,13.58,3311,4502941.0
2026-03-31 10:45:00,13.59,13.59,13.55,13.58,3666,4976141.0
2026-03-31 10:50:00,13.58,13.58,13.56,13.57,1997,2709454.0
2026-03-31 10:55:00,13.57,13.59,13.56,13.57,2282,3097079.0
2026-03-31 11:00:00,13.58,13.58,13.52,13.52,6104,8272748.0
2026-03-31 11:05:00,13.53,13.53,13.5,13.5,7398,9996549.0
2026-03-31 11:10:00,13.51,13.53,13.49,13.53,4277,5774834.0
2026-03-31 11:15:00,13.53,13.55,13.51,13.53,2457,3323535.0
2026-03-31 11:20:00,13.53,13.54,13.5,13.5,3510,4741818.0
2026-03-31 11:25:00,13.51,13.53,13.5,13.52,2419,3267878.0
2026-03-31 11:30:00,13.51,13.53,13.51,13.52,1766,2387852.0
2026-03-31 13:05:00,13.53,13.59,13.51,13.58,6892,9341360.0
2026-03-31 13:10:00,13.58,13.59,13.56,13.57,3711,5040491.0
2026-03-31 13:15:00,13.57,13.57,13.54,13.54,2665,3611801.0
2026-03-31 13:20:00,13.54,13.56,13.53,13.55,2894,3920959.0
2026-03-31 13:25:00,13.54,13.55,13.53,13.54,2606,3527245.0
2026-03-31 13:30:00,13.54,13.56,13.53,13.56,2011,2723898.0
2026-03-31 13:35:00,13.56,13.59,13.55,13.57,3612,4902229.0
2026-03-31 13:40:00,13.57,13.58,13.55,13.55,1336,1811378.0
2026-03-31 13:45:00,13.55,13.55,13.5,13.5,3724,5036025.0
2026-03-31 13:50:00,13.51,13.55,13.5,13.54,17121,23125577.0
2026-03-31 13:55:00,13.54,13.54,13.5,13.5,3247,4386911.0
2026-03-31 14:00:00,13.5,13.52,13.49,13.5,9431,12735095.0
2026-03-31 14:05:00,13.51,13.51,13.48,13.48,2863,3862482.0
2026-03-31 14:10:00,13.49,13.49,13.47,13.47,2606,3512829.0
2026-03-31 14:15:00,13.47,13.47,13.45,13.45,6577,8851076.0
2026-03-31 14:20:00,13.45,13.46,13.43,13.45,5393,7250898.0
2026-03-31 14:25:00,13.45,13.46,13.42,13.45,3285,4415342.0
2026-03-31 14:30:00,13.44,13.47,13.44,13.46,2583,3475280.0
2026-03-31 14:35:00,13.46,13.46,13.43,13.44,4373,5881283.0
2026-03-31 14:40:00,13.44,13.45,13.42,13.43,2864,3846672.0
2026-03-31 14:45:00,13.43,13.44,13.41,13.43,2932,3936157.0
2026-03-31 14:50:00,13.43,13.44,13.42,13.42,4887,6565608.0
2026-03-31 14:55:00,13.43,13.43,13.42,13.42,5992,8043997.0
2026-03-31 15:00:00,13.42,13.43,13.41,13.43,5198,6977944.0
2026-04-01 09:35:00,13.58,13.61,13.47,13.49,26068,35300491.0
2026-04-01 09:40:00,13.49,13.53,13.44,13.46,12177,16414146.0
2026-04-01 09:45:00,13.46,13.49,13.43,13.44,9017,12129929.0
2026-04-01 09:50:00,13.44,13.45,13.4,13.4,8340,11196698.0
2026-04-01 09:55:00,13.41,13.45,13.4,13.43,5057,6790188.0
2026-04-01 10:00:00,13.43,13.45,13.42,13.43,3347,4495998.0
2026-04-01 10:05:00,13.43,13.44,13.38,13.44,9138,12253348.0
2026-04-01 10:10:00,13.44,13.48,13.43,13.46,4660,6270156.0
2026-04-01 10:15:00,13.46,13.47,13.45,13.46,4282,5763274.0
2026-04-01 10:20:00,13.46,13.47,13.44,13.46,3691,4966007.0
2026-04-01 10:25:00,13.47,13.53,13.47,13.52,9226,12452676.0
2026-04-01 10:30:00,13.52,13.52,13.48,13.48,2598,3506918.0
2026-04-01 10:35:00,13.49,13.6,13.47,13.59,10428,14130896.0
2026-04-01 10:40:00,13.59,13.59,13.56,13.58,5193,7051064.0
2026-04-01 10:45:00,13.57,13.58,13.55,13.57,3961,5374641.0
2026-04-01 10:50:00,13.57,13.58,13.55,13.57,2533,3436918.0
2026-04-01 10:55:00,13.56,13.61,13.56,13.61,8837,12007244.0
2026-04-01 11:00:00,13.61,13.63,13.6,13.6,5755,7836112.0
2026-04-01 11:05:00,13.6,13.62,13.59,13.6,2813,3826855.0
2026-04-01 11:10:00,13.6,13.61,13.6,13.6,2678,3643266.0
2026-04-01 11:15:00,13.61,13.61,13.59,13.61,2668,3628904.0
2026-04-01 11:20:00,13.61,13.61,13.6,13.6,1766,2402442.0
2026-04-01 11:25:00,13.61,13.61,13.58,13.59,2628,3571833.0
2026-04-01 11:30:00,13.58,13.6,13.57,13.6,3685,5006451.0
2026-04-01 13:05:00,13.6,13.61,13.58,13.61,4125,5608831.0
2026-04-01 13:10:00,13.6,13.61,13.59,13.6,1854,2521936.0
2026-04-01 13:15:00,13.61,13.65,13.6,13.63,12034,16401363.0
2026-04-01 13:20:00,13.61,13.63,13.61,13.62,1615,2199093.0
2026-04-01 13:25:00,13.61,13.61,13.59,13.6,2645,3597854.0
2026-04-01 13:30:00,13.6,13.63,13.6,13.63,2503,3407603.0
2026-04-01 13:35:00,13.63,13.65,13.62,13.62,2963,4039656.0
2026-04-01 13:40:00,13.63,13.63,13.6,13.61,1169,1590886.0
2026-04-01 13:45:00,13.61,13.63,13.61,13.62,1754,2388293.0
2026-04-01 13:50:00,13.61,13.62,13.6,13.61,1486,2022321.0
2026-04-01 13:55:00,13.6,13.61,13.6,13.61,1596,2171726.0
2026-04-01 14:00:00,13.61,13.61,13.56,13.58,6021,8179630.0
2026-04-01 14:05:00,13.58,13.59,13.58,13.59,2012,2733250.0
2026-04-01 14:10:00,13.58,13.6,13.58,13.59,1825,2479751.0
2026-04-01 14:15:00,13.59,13.68,13.58,13.66,16328,22278095.0
2026-04-01 14:20:00,13.66,13.66,13.63,13.65,3228,4403752.0
2026-04-01 14:25:00,13.64,13.65,13.62,13.63,1920,2617596.0
2026-04-01 14:30:00,13.64,13.65,13.62,13.63,2746,3744364.0
2026-04-01 14:35:00,13.62,13.64,13.62,13.63,2987,4070913.0
2026-04-01 14:40:00,13.63,13.64,13.62,13.63,3394,4625505.0
2026-04-01 14:45:00,13.62,13.64,13.62,13.64,3053,4161698.0
2026-04-01 14:50:00,13.63,13.65,13.63,13.65,7314,9977452.0
2026-04-01 14:55:00,13.65,13.65,13.64,13.65,8130,11095260.0
2026-04-01 15:00:00,13.65,13.67,13.64,13.67,9222,12596158.0
2026-04-02 09:35:00,13.61,13.62,13.5,13.52,19609,26568657.0
2026-04-02 09:40:00,13.52,13.56,13.51,13.56,8278,11203630.0
2026-04-02 09:45:00,13.55,13.58,13.52,13.53,7196,9745829.0
2026-04-02 09:50:00,13.53,13.54,13.45,13.47,16635,22451129.0
2026-04-02 09:55:00,13.48,13.52,13.47,13.5,3977,5365568.0
2026-04-02 10:00:00,13.51,13.51,13.49,13.5,3343,4512880.0
2026-04-02 10:05:00,13.5,13.5,13.47,13.48,3219,4340649.0
2026-04-02 10:10:00,13.48,13.49,13.46,13.46,5121,6900560.0
2026-04-02 10:15:00,13.46,13.49,13.45,13.46,6872,9251693.0
2026-04-02 10:20:00,13.46,13.47,13.43,13.43,7899,10623268.0
2026-04-02 10:25:00,13.44,13.45,13.43,13.44,3204,4307285.0
2026-04-02 10:30:00,13.44,13.48,13.44,13.47,2110,2840151.0
2026-04-02 10:35:00,13.47,13.49,13.46,13.47,2915,3926735.0
2026-04-02 10:40:00,13.47,13.47,13.44,13.46,4099,5513431.0
2026-04-02 10:45:00,13.47,13.49,13.45,13.48,2175,2929951.0
2026-04-02 10:50:00,13.48,13.51,13.47,13.49,2888,3897672.0
2026-04-02 10:55:00,13.5,13.51,13.49,13.49,1244,1679333.0
2026-04-02 11:00:00,13.49,13.51,13.49,13.49,1759,2375018.0
2026-04-02 11:05:00,13.49,13.5,13.48,13.5,2231,3009845.0
2026-04-02 11:10:00,13.49,13.5,13.47,13.48,1130,1523687.0
2026-04-02 11:15:00,13.48,13.49,13.47,13.48,2217,2988093.0
2026-04-02 11:20:00,13.48,13.5,13.47,13.47,1546,2084759.0
2026-04-02 11:25:00,13.47,13.49,13.47,13.49,1029,1387616.0
2026-04-02 11:30:00,13.49,13.51,13.48,13.49,1245,1679943.0
2026-04-02 13:05:00,13.48,13.49,13.45,13.45,4117,5541484.0
2026-04-02 13:10:00,13.45,13.47,13.44,13.46,1994,2683068.0
2026-04-02 13:15:00,13.46,13.47,13.45,13.47,1535,2065704.0
2026-04-02 13:20:00,13.47,13.47,13.45,13.46,1508,2029967.0
2026-04-02 13:25:00,13.46,13.49,13.45,13.48,1355,1824660.0
2026-04-02 13:30:00,13.48,13.5,13.47,13.48,905,1220256.0
2026-04-02 13:35:00,13.48,13.49,13.47,13.47,1391,1874843.0
2026-04-02 13:40:00,13.47,13.48,13.45,13.46,1951,2625867.0
2026-04-02 13:45:00,13.46,13.48,13.45,13.47,1403,1889649.0
2026-04-02 13:50:00,13.47,13.48,13.46,13.47,2294,3089074.0
2026-04-02 13:55:00,13.47,13.47,13.41,13.42,7287,9791775.0
2026-04-02 14:00:00,13.41,13.44,13.4,13.42,7818,10483646.0
2026-04-02 14:05:00,13.42,13.44,13.41,13.42,2283,3064631.0
2026-04-02 14:10:00,13.42,13.45,13.41,13.44,2289,3074950.0
2026-04-02 14:15:00,13.45,13.47,13.43,13.47,2867,3855664.0
2026-04-02 14:20:00,13.47,13.52,13.46,13.5,5044,6803539.0
2026-04-02 14:25:00,13.49,13.51,13.47,13.49,1926,2599010.0
2026-04-02 14:30:00,13.5,13.51,13.48,13.48,1963,2649254.0
2026-04-02 14:35:00,13.48,13.49,13.47,13.48,2016,2716986.0
2026-04-02 14:40:00,13.48,13.48,13.46,13.47,4156,5598217.0
2026-04-02 14:45:00,13.47,13.47,13.45,13.46,2148,2892105.0
2026-04-02 14:50:00,13.46,13.47,13.45,13.47,2219,2986969.0
2026-04-02 14:55:00,13.46,13.48,13.46,13.47,5994,8070741.0
2026-04-02 15:00:00,13.47,13.5,13.46,13.5,3361,4531890.0
2026-04-03 09:35:00,13.49,13.53,13.39,13.45,14838,19949326.0
2026-04-03 09:40:00,13.44,13.49,13.42,13.44,6747,9081233.0
2026-04-03 09:45:00,13.44,13.45,13.4,13.4,6013,8069441.0
2026-04-03 09:50:00,13.4,13.42,13.38,13.38,6319,8468973.0
2026-04-03 09:55:00,13.38,13.39,13.33,13.35,8104,10817351.0
2026-04-03 10:00:00,13.34,13.34,13.31,13.34,3508,4674322.0
2026-04-03 10:05:00,13.34,13.38,13.32,13.33,3977,5308711.0
2026-04-03 10:10:00,13.33,13.34,13.31,13.34,2771,3692464.0
2026-04-03 10:15:00,13.34,13.35,13.31,13.31,2724,3631618.0
2026-04-03 10:20:00,13.31,13.32,13.3,13.32,5805,7726191.0
2026-04-03 10:25:00,13.33,13.33,13.31,13.32,2674,3562170.0
2026-04-03 10:30:00,13.32,13.33,13.31,13.33,1891,2518308.0
2026-04-03 10:35:00,13.33,13.35,13.32,13.34,2305,3072891.0
2026-04-03 10:40:00,13.34,13.35,13.32,13.33,2197,2928658.0
2026-04-03 10:45:00,13.32,13.33,13.27,13.27,6019,8005462.0
2026-04-03 10:50:00,13.27,13.29,13.26,13.29,2454,3257147.0
2026-04-03 10:55:00,13.29,13.3,13.27,13.29,1511,2006770.0
2026-04-03 11:00:00,13.29,13.29,13.27,13.27,1373,1822686.0
2026-04-03 11:05:00,13.27,13.27,13.25,13.26,3067,4065750.0
2026-04-03 11:10:00,13.26,13.26,13.25,13.25,1568,2078504.0
2026-04-03 11:15:00,13.26,13.27,13.23,13.23,3516,4656857.0
2026-04-03 11:20:00,13.24,13.25,13.22,13.24,3177,4204050.0
2026-04-03 11:25:00,13.24,13.24,13.22,13.22,2090,2764638.0
2026-04-03 11:30:00,13.22,13.23,13.22,13.23,1263,1670217.0
2026-04-03 13:05:00,13.23,13.23,13.2,13.21,4931,6514392.0
2026-04-03 13:10:00,13.22,13.23,13.19,13.23,2202,2909166.0
2026-04-03 13:15:00,13.22,13.23,13.2,13.21,1529,2020504.0
2026-04-03 13:20:00,13.21,13.21,13.19,13.21,1633,2155770.0
2026-04-03 13:25:00,13.21,13.22,13.2,13.2,1712,2260501.0
2026-04-03 13:30:00,13.22,13.23,13.21,13.23,1967,2600442.0
2026-04-03 13:35:00,13.22,13.24,13.21,13.23,1661,2196841.0
2026-04-03 13:40:00,13.23,13.3,13.23,13.27,3623,4805255.0
2026-04-03 13:45:00,13.28,13.3,13.27,13.29,2064,2742270.0
2026-04-03 13:50:00,13.28,13.29,13.25,13.25,1183,1569532.0
2026-04-03 13:55:00,13.25,13.3,13.25,13.26,1325,1757804.0
2026-04-03 14:00:00,13.26,13.28,13.26,13.27,850,1127789.0
2026-04-03 14:05:00,13.27,13.31,13.25,13.26,2925,3883472.0
2026-04-03 14:10:00,13.25,13.26,13.24,13.25,1839,2436428.0
2026-04-03 14:15:00,13.26,13.28,13.25,13.27,987,1309152.0
2026-04-03 14:20:00,13.27,13.27,13.25,13.26,774,1026280.0
2026-04-03 14:25:00,13.26,13.27,13.24,13.25,996,1320188.0
2026-04-03 14:30:00,13.24,13.25,13.23,13.24,1466,1940578.0
2026-04-03 14:35:00,13.24,13.24,13.21,13.22,3595,4752253.0
2026-04-03 14:40:00,13.22,13.22,13.2,13.21,2300,3037773.0
2026-04-03 14:45:00,13.22,13.22,13.2,13.22,2216,2927643.0
2026-04-03 14:50:00,13.21,13.22,13.21,13.22,3148,4159284.0
2026-04-03 14:55:00,13.24,13.24,13.21,13.23,5755,7609536.0
2026-04-03 15:00:00,13.22,13.23,13.21,13.23,5701,7539547.0
2026-04-07 09:35:00,13.25,13.32,13.25,13.29,16794,22300135.0
2026-04-07 09:40:00,13.3,13.3,13.18,13.23,10911,14450365.0
2026-04-07 09:45:00,13.23,13.35,13.22,13.32,13770,18320537.0
2026-04-07 09:50:00,13.32,13.34,13.3,13.32,8778,11692270.0
2026-04-07 09:55:00,13.33,13.33,13.31,13.31,4144,5520994.0
2026-04-07 10:00:00,13.31,13.32,13.3,13.31,5129,6823822.0
2026-04-07 10:05:00,13.3,13.33,13.28,13.32,3076,4092771.0
2026-04-07 10:10:00,13.32,13.33,13.3,13.31,2563,3413367.0
2026-04-07 10:15:00,13.32,13.34,13.31,13.34,5195,6920720.0
2026-04-07 10:20:00,13.33,13.35,13.32,13.33,7989,10655277.0
2026-04-07 10:25:00,13.33,13.34,13.31,13.33,3174,4230911.0
2026-04-07 10:30:00,13.33,13.34,13.31,13.31,4024,5359134.0
2026-04-07 10:35:00,13.31,13.35,13.31,13.33,3631,4838736.0
2026-04-07 10:40:00,13.34,13.38,13.33,13.38,5065,6765438.0
2026-04-07 10:45:00,13.38,13.39,13.37,13.37,3386,4530137.0
2026-04-07 10:50:00,13.38,13.38,13.37,13.37,2427,3245428.0
2026-04-07 10:55:00,13.37,13.38,13.35,13.35,1849,2471471.0
2026-04-07 11:00:00,13.36,13.37,13.35,13.36,3204,4281097.0
2026-04-07 11:05:00,13.36,13.38,13.35,13.37,4766,6370180.0
2026-04-07 11:10:00,13.38,13.38,13.36,13.37,1786,2388207.0
2026-04-07 11:15:00,13.37,13.37,13.33,13.34,2747,3666057.0
2026-04-07 11:20:00,13.34,13.34,13.3,13.3,2786,3709779.0
2026-04-07 11:25:00,13.31,13.32,13.28,13.29,4402,5855598.0
2026-04-07 11:30:00,13.29,13.29,13.25,13.25,4514,5993552.0
2026-04-07 13:05:00,13.26,13.27,13.25,13.27,5599,7423721.0
2026-04-07 13:10:00,13.27,13.3,13.25,13.26,4035,5358778.0
2026-04-07 13:15:00,13.26,13.26,13.22,13.23,3423,4529731.0
2026-04-07 13:20:00,13.22,13.23,13.21,13.21,3767,4979294.0
2026-04-07 13:25:00,13.22,13.22,13.21,13.22,2434,3215760.0
2026-04-07 13:30:00,13.22,13.24,13.21,13.24,2044,2702457.0
2026-04-07 13:35:00,13.24,13.26,13.24,13.25,2481,3287297.0
2026-04-07 13:40:00,13.26,13.29,13.24,13.28,4141,5491791.0
2026-04-07 13:45:00,13.28,13.28,13.27,13.28,1060,1406799.0
2026-04-07 13:50:00,13.27,13.28,13.26,13.28,1655,2196259.0
2026-04-07 13:55:00,13.28,13.31,13.27,13.29,3061,4066413.0
2026-04-07 14:00:00,13.3,13.31,13.29,13.3,2716,3611427.0
2026-04-07 14:05:00,13.3,13.32,13.29,13.3,2414,3211086.0
2026-04-07 14:10:00,13.29,13.3,13.28,13.3,2283,3033222.0
2026-04-07 14:15:00,13.29,13.3,13.29,13.29,1105,1469071.0
2026-04-07 14:20:00,13.3,13.32,13.3,13.31,1005,1337235.0
2026-04-07 14:25:00,13.32,13.32,13.3,13.32,1816,2417793.0
2026-04-07 14:30:00,13.32,13.33,13.31,13.31,2245,2990144.0
2026-04-07 14:35:00,13.32,13.33,13.31,13.32,2746,3657047.0
2026-04-07 14:40:00,13.32,13.34,13.32,13.33,3403,4535892.0
2026-04-07 14:45:00,13.33,13.34,13.33,13.34,2274,3031628.0
2026-04-07 14:50:00,13.34,13.34,13.33,13.33,3509,4678873.0
2026-04-07 14:55:00,13.33,13.36,13.33,13.34,7314,9759989.0
2026-04-07 15:00:00,13.35,13.37,13.34,13.37,6478,8652975.0
2026-04-08 09:35:00,13.51,13.64,13.51,13.61,42365,57529515.0
2026-04-08 09:40:00,13.61,13.71,13.61,13.66,24470,33411086.0
2026-04-08 09:45:00,13.67,13.7,13.64,13.64,17510,23949529.0
2026-04-08 09:50:00,13.64,13.64,13.62,13.63,9046,12329568.0
2026-04-08 09:55:00,13.62,13.69,13.62,13.69,10396,14208037.0
2026-04-08 10:00:00,13.68,13.69,13.62,13.63,6322,8632349.0
2026-04-08 10:05:00,13.62,13.66,13.62,13.65,5924,8080483.0
2026-04-08 10:10:00,13.64,13.66,13.62,13.64,5040,6876271.0
2026-04-08 10:15:00,13.64,13.69,13.63,13.68,7556,10327199.0
2026-04-08 10:20:00,13.68,13.7,13.68,13.68,7924,10851106.0
2026-04-08 10:25:00,13.68,13.75,13.67,13.72,17670,24223626.0
2026-04-08 10:30:00,13.71,13.75,13.7,13.75,5368,7369674.0
2026-04-08 10:35:00,13.75,13.78,13.74,13.76,10404,14317851.0
2026-04-08 10:40:00,13.76,13.76,13.71,13.73,5939,8156748.0
2026-04-08 10:45:00,13.73,13.74,13.72,13.73,2773,3806891.0
2026-04-08 10:50:00,13.74,13.78,13.73,13.78,6642,9138830.0
2026-04-08 10:55:00,13.78,13.79,13.74,13.76,9760,13441450.0
2026-04-08 11:00:00,13.77,13.79,13.76,13.79,6342,8737703.0
2026-04-08 11:05:00,13.78,13.79,13.76,13.77,6938,9562096.0
2026-04-08 11:10:00,13.77,13.77,13.74,13.74,4368,6007766.0
2026-04-08 11:15:00,13.74,13.77,13.74,13.77,2984,4104582.0
2026-04-08 11:20:00,13.75,13.77,13.75,13.76,2636,3628637.0
2026-04-08 11:25:00,13.76,13.77,13.72,13.73,5081,6983024.0
2026-04-08 11:30:00,13.73,13.74,13.72,13.74,3594,4934014.0
2026-04-08 13:05:00,13.74,13.76,13.73,13.74,7013,9639014.0
2026-04-08 13:10:00,13.73,13.78,13.73,13.78,4381,6027425.0
2026-04-08 13:15:00,13.77,13.78,13.76,13.78,3198,4404368.0
2026-04-08 13:20:00,13.78,13.78,13.76,13.77,3470,4778375.0
2026-04-08 13:25:00,13.78,13.79,13.77,13.79,3164,4359745.0
2026-04-08 13:30:00,13.78,13.79,13.75,13.75,4396,6054468.0
2026-04-08 13:35:00,13.75,13.76,13.74,13.75,3687,5068991.0
2026-04-08 13:40:00,13.76,13.78,13.75,13.78,2658,3659001.0
2026-04-08 13:45:00,13.77,13.78,13.77,13.78,2614,3601382.0
2026-04-08 13:50:00,13.77,13.78,13.77,13.78,3773,5196257.0
2026-04-08 13:55:00,13.78,13.78,13.77,13.78,3490,4806611.0
2026-04-08 14:00:00,13.78,13.78,13.76,13.77,2777,3823815.0
2026-04-08 14:05:00,13.78,13.78,13.77,13.78,3203,4411869.0
2026-04-08 14:10:00,13.78,13.78,13.76,13.77,4059,5589367.0
2026-04-08 14:15:00,13.77,13.77,13.76,13.76,1724,2372826.0
2026-04-08 14:20:00,13.77,13.77,13.75,13.75,4419,6080346.0
2026-04-08 14:25:00,13.75,13.77,13.75,13.76,4005,5509417.0
2026-04-08 14:30:00,13.77,13.77,13.76,13.77,2116,2912271.0
2026-04-08 14:35:00,13.77,13.78,13.76,13.78,4305,5927481.0
2026-04-08 14:40:00,13.78,13.78,13.77,13.78,3511,4835854.0
2026-04-08 14:45:00,13.78,13.79,13.77,13.78,9627,13266947.0
2026-04-08 14:50:00,13.78,13.79,13.77,13.79,7163,9872678.0
2026-04-08 14:55:00,13.78,13.8,13.78,13.79,10915,15048577.0
2026-04-08 15:00:00,13.79,13.81,13.79,13.81,15311,21131468.0
2026-04-09 09:35:00,13.66,13.77,13.56,13.63,38283,52261524.0
2026-04-09 09:40:00,13.63,13.63,13.56,13.61,19869,27024148.0
2026-04-09 09:45:00,13.62,13.7,13.62,13.7,9623,13131311.0
2026-04-09 09:50:00,13.7,13.72,13.68,13.7,11844,16228148.0
2026-04-09 09:55:00,13.71,13.78,13.71,13.77,9966,13699164.0
2026-04-09 10:00:00,13.77,13.78,13.74,13.76,8269,11379424.0
2026-04-09 10:05:00,13.76,13.78,13.71,13.73,7548,10377830.0
2026-04-09 10:10:00,13.73,13.75,13.72,13.73,3195,4388394.0
2026-04-09 10:15:00,13.72,13.74,13.71,13.74,5011,6875950.0
2026-04-09 10:20:00,13.74,13.81,13.73,13.81,8345,11500424.0
2026-04-09 10:25:00,13.8,13.85,13.8,13.81,11651,16106285.0
2026-04-09 10:30:00,13.81,13.82,13.79,13.79,5937,8196355.0
2026-04-09 10:35:00,13.8,13.8,13.75,13.75,4012,5524913.0
2026-04-09 10:40:00,13.75,13.79,13.74,13.75,7006,9630840.0
2026-04-09 10:45:00,13.75,13.8,13.75,13.78,3172,4369456.0
2026-04-09 10:50:00,13.78,13.78,13.75,13.76,1900,2615914.0
2026-04-09 10:55:00,13.76,13.77,13.75,13.76,3507,4826054.0
2026-04-09 11:00:00,13.77,13.79,13.77,13.78,2466,3397596.0
2026-04-09 11:05:00,13.77,13.78,13.75,13.77,2194,3020233.0
2026-04-09 11:10:00,13.76,13.77,13.76,13.77,1925,2649493.0
2026-04-09 11:15:00,13.77,13.78,13.72,13.74,4988,6858409.0
2026-04-09 11:20:00,13.73,13.75,13.73,13.74,1401,1925231.0
2026-04-09 11:25:00,13.74,13.77,13.74,13.75,2706,3721328.0
2026-04-09 11:30:00,13.74,13.74,13.73,13.73,2080,2857132.0
2026-04-09 13:05:00,13.73,13.8,13.73,13.74,7345,10102162.0
2026-04-09 13:10:00,13.74,13.8,13.74,13.78,4110,5657722.0
2026-04-09 13:15:00,13.77,13.79,13.76,13.76,2884,3972479.0
2026-04-09 13:20:00,13.77,13.84,13.76,13.83,12531,17310459.0
2026-04-09 13:25:00,13.83,13.93,13.79,13.83,31619,43806932.0
2026-04-09 13:30:00,13.83,13.85,13.77,13.78,15355,21187377.0
2026-04-09 13:35:00,13.79,13.79,13.76,13.76,5896,8120098.0
2026-04-09 13:40:00,13.77,13.77,13.75,13.76,3954,5440842.0
2026-04-09 13:45:00,13.76,13.77,13.75,13.75,3388,4660403.0
2026-04-09 13:50:00,13.75,13.76,13.74,13.75,4948,6804468.0
2026-04-09 13:55:00,13.75,13.75,13.73,13.73,4839,6647835.0
2026-04-09 14:00:00,13.73,13.75,13.72,13.75,2713,3726082.0
2026-04-09 14:05:00,13.73,13.78,13.72,13.77,5140,7066409.0
2026-04-09 14:10:00,13.77,13.78,13.76,13.76,4607,6342983.0
2026-04-09 14:15:00,13.76,13.78,13.75,13.76,2909,4003532.0
2026-04-09 14:20:00,13.76,13.76,13.74,13.75,2967,4079262.0
2026-04-09 14:25:00,13.74,13.76,13.74,13.76,1752,2408822.0
2026-04-09 14:30:00,13.76,13.77,13.75,13.76,3503,4819729.0
2026-04-09 14:35:00,13.76,13.78,13.75,13.75,3428,4716083.0
2026-04-09 14:40:00,13.76,13.76,13.74,13.76,4662,6411097.0
2026-04-09 14:45:00,13.75,13.76,13.74,13.74,3940,5417782.0
2026-04-09 14:50:00,13.75,13.76,13.74,13.76,5743,7894821.0
2026-04-09 14:55:00,13.76,13.77,13.74,13.76,9416,12953430.0
2026-04-09 15:00:00,13.76,13.77,13.75,13.77,7342,10103916.0
2026-04-10 09:35:00,13.85,13.89,13.78,13.81,26073,36074947.0
2026-04-10 09:40:00,13.8,13.94,13.79,13.9,21460,29766890.0
2026-04-10 09:45:00,13.91,13.99,13.91,13.97,25799,36028366.0
2026-04-10 09:50:00,13.96,14.04,13.95,13.98,24590,34425867.0
2026-04-10 09:55:00,13.97,14.08,13.94,14.04,19896,27897807.0
2026-04-10 10:00:00,14.05,14.05,14.02,14.03,8174,11473883.0
2026-04-10 10:05:00,14.03,14.04,14.0,14.01,6045,8473007.0
2026-04-10 10:10:00,14.01,14.03,14.0,14.01,5980,8381415.0
2026-04-10 10:15:00,14.01,14.01,13.97,13.98,9801,13710100.0
2026-04-10 10:20:00,13.98,14.0,13.97,13.99,5779,8078446.0
2026-04-10 10:25:00,13.99,14.0,13.98,14.0,3157,4417667.0
2026-04-10 10:30:00,14.0,14.02,13.99,14.0,5348,7491825.0
2026-04-10 10:35:00,14.01,14.14,13.99,14.1,25925,36484105.0
2026-04-10 10:40:00,14.1,14.11,14.04,14.05,9361,13186440.0
2026-04-10 10:45:00,14.04,14.05,14.0,14.01,5712,8013502.0
2026-04-10 10:50:00,14.01,14.02,14.0,14.01,4020,5631102.0
2026-04-10 10:55:00,14.01,14.02,13.99,14.0,5802,8125389.0
2026-04-10 11:00:00,14.0,14.02,13.99,14.02,3593,5034641.0
2026-04-10 11:05:00,14.02,14.02,13.96,13.97,7811,10923367.0
2026-04-10 11:10:00,13.98,13.99,13.96,13.97,3288,4594913.0
2026-04-10 11:15:00,13.95,13.96,13.94,13.94,4839,6751935.0
2026-04-10 11:20:00,13.94,13.98,13.92,13.98,5488,7650688.0
2026-04-10 11:25:00,13.97,13.98,13.96,13.97,2721,3802520.0
2026-04-10 11:30:00,13.98,14.0,13.97,13.97,2715,3796182.0
2026-04-10 13:05:00,13.97,14.02,13.95,13.97,7828,10942589.0
2026-04-10 13:10:00,13.97,13.98,13.96,13.98,2093,2924423.0
2026-04-10 13:15:00,13.98,13.98,13.94,13.96,4445,6203833.0
2026-04-10 13:20:00,13.95,13.98,13.95,13.96,3999,5586746.0
2026-04-10 13:25:00,13.96,13.98,13.95,13.96,2590,3616969.0
2026-04-10 13:30:00,13.96,13.97,13.95,13.96,2560,3574242.0
2026-04-10 13:35:00,13.94,13.95,13.93,13.94,3578,4987502.0
2026-04-10 13:40:00,13.93,13.95,13.93,13.94,1896,2642454.0
2026-04-10 13:45:00,13.93,13.97,13.93,13.95,4052,5652319.0
2026-04-10 13:50:00,13.96,13.97,13.94,13.96,2970,4144149.0
2026-04-10 13:55:00,13.95,13.97,13.95,13.96,3357,4684218.0
2026-04-10 14:00:00,13.97,13.98,13.95,13.96,1956,2731993.0
2026-04-10 14:05:00,13.95,13.97,13.94,13.94,4451,6212625.0
2026-04-10 14:10:00,13.96,13.96,13.94,13.95,2270,3166003.0
2026-04-10 14:15:00,13.94,13.95,13.92,13.93,5316,7407339.0
2026-04-10 14:20:00,13.93,13.94,13.92,13.93,3101,4319486.0
2026-04-10 14:25:00,13.93,13.93,13.89,13.91,11153,15509842.0
2026-04-10 14:30:00,13.91,13.92,13.9,13.91,3856,5365106.0
2026-04-10 14:35:00,13.91,13.92,13.89,13.89,5608,7795068.0
2026-04-10 14:40:00,13.9,13.91,13.88,13.89,4985,6926981.0
2026-04-10 14:45:00,13.89,13.91,13.89,13.9,6602,9179358.0
2026-04-10 14:50:00,13.9,13.91,13.89,13.89,7872,10938090.0
2026-04-10 14:55:00,13.9,13.9,13.88,13.9,12623,17537633.0
2026-04-10 15:00:00,13.9,13.92,13.89,13.92,13004,18084570.0
2026-04-13 09:35:00,13.8,14.04,13.79,13.96,33508,46599982.0
2026-04-13 09:40:00,13.96,14.02,13.94,13.97,26866,37565748.0
2026-04-13 09:45:00,13.98,14.0,13.91,13.95,17119,23901819.0
2026-04-13 09:50:00,13.95,14.02,13.95,14.01,15672,21926220.0
2026-04-13 09:55:00,14.02,14.03,14.01,14.03,11582,16243634.0
2026-04-13 10:00:00,14.02,14.03,13.99,13.99,7516,10530559.0
2026-04-13 10:05:00,14.0,14.05,13.99,14.01,9215,12920929.0
2026-04-13 10:10:00,14.02,14.03,14.0,14.01,4768,6681578.0
2026-04-13 10:15:00,14.01,14.01,13.98,14.0,7714,10796455.0
2026-04-13 10:20:00,13.99,14.0,13.96,13.97,5899,8247423.0
2026-04-13 10:25:00,13.96,13.97,13.93,13.94,7384,10299057.0
2026-04-13 10:30:00,13.95,13.96,13.93,13.94,5476,7636265.0
2026-04-13 10:35:00,13.94,13.95,13.93,13.94,4671,6510211.0
2026-04-13 10:40:00,13.94,13.95,13.93,13.94,3952,5509273.0
2026-04-13 10:45:00,13.94,14.0,13.94,13.98,6292,8792737.0
2026-04-13 10:50:00,13.98,13.98,13.94,13.94,4989,6963325.0
2026-04-13 10:55:00,13.94,13.95,13.93,13.95,2455,3422715.0
2026-04-13 11:00:00,13.94,13.95,13.94,13.94,1786,2490705.0
2026-04-13 11:05:00,13.95,13.95,13.94,13.95,1976,2756000.0
2026-04-13 11:10:00,13.94,13.95,13.89,13.89,11212,15606421.0
2026-04-13 11:15:00,13.89,13.9,13.89,13.89,4917,6831102.0
2026-04-13 11:20:00,13.89,13.9,13.89,13.9,2973,4130570.0
2026-04-13 11:25:00,13.9,13.9,13.89,13.89,1672,2323220.0
2026-04-13 11:30:00,13.89,13.94,13.89,13.93,2668,3713750.0
2026-04-13 13:05:00,13.94,13.94,13.9,13.92,3543,4932561.0
2026-04-13 13:10:00,13.92,13.93,13.91,13.92,2734,3805322.0
2026-04-13 13:15:00,13.91,13.92,13.91,13.91,2250,3130248.0
2026-04-13 13:20:00,13.91,13.93,13.91,13.93,2761,3842575.0
2026-04-13 13:25:00,13.93,13.93,13.91,13.93,2246,3125973.0
2026-04-13 13:30:00,13.92,13.93,13.91,13.91,1447,2013515.0
2026-04-13 13:35:00,13.92,13.92,13.9,13.91,2817,3918105.0
2026-04-13 13:40:00,13.9,13.95,13.9,13.93,4002,5574092.0
2026-04-13 13:45:00,13.93,13.93,13.92,13.92,1573,2190140.0
2026-04-13 13:50:00,13.93,13.93,13.92,13.92,2171,3023316.0
2026-04-13 13:55:00,13.93,13.94,13.92,13.94,2700,3760886.0
2026-04-13 14:00:00,13.93,13.94,13.91,13.92,3978,5537473.0
2026-04-13 14:05:00,13.91,13.93,13.91,13.92,2053,2857591.0
2026-04-13 14:10:00,13.93,13.93,13.92,13.93,1650,2297694.0
2026-04-13 14:15:00,13.93,13.93,13.92,13.92,2410,3356252.0
2026-04-13 14:20:00,13.93,13.93,13.92,13.93,2396,3336847.0
2026-04-13 14:25:00,13.93,13.94,13.93,13.94,1380,1923137.0
2026-04-13 14:30:00,13.93,13.95,13.93,13.94,2314,3225138.0
2026-04-13 14:35:00,13.94,13.94,13.92,13.92,7085,9863311.0
2026-04-13 14:40:00,13.91,13.92,13.9,13.9,3894,5416604.0
2026-04-13 14:45:00,13.9,13.93,13.9,13.93,4215,5864454.0
2026-04-13 14:50:00,13.92,13.92,13.91,13.92,4178,5814381.0
2026-04-13 14:55:00,13.91,13.94,13.91,13.94,10459,14564857.0
2026-04-13 15:00:00,13.94,13.95,13.93,13.94,10184,14194930.0
2026-04-14 09:35:00,13.95,14.09,13.95,14.03,28616,40135761.0
2026-04-14 09:40:00,14.04,14.07,14.01,14.02,14454,20294976.0
2026-04-14 09:45:00,14.02,14.14,14.0,14.12,28527,40185583.0
2026-04-14 09:50:00,14.13,14.15,14.1,14.11,19569,27647545.0
2026-04-14 09:55:00,14.11,14.18,14.1,14.16,18048,25537682.0
2026-04-14 10:00:00,14.16,14.17,14.11,14.11,7880,11143271.0
2026-04-14 10:05:00,14.12,14.15,14.1,14.15,6352,8966781.0
2026-04-14 10:10:00,14.15,14.15,14.11,14.12,3800,5369340.0
2026-04-14 10:15:00,14.12,14.13,14.11,14.12,4921,6945771.0
2026-04-14 10:20:00,14.12,14.12,14.06,14.1,6891,9711175.0
2026-04-14 10:25:00,14.1,14.11,14.07,14.08,5685,8003114.0
2026-04-14 10:30:00,14.08,14.11,14.07,14.11,6604,9307127.0
2026-04-14 10:35:00,14.11,14.11,14.07,14.08,3959,5579868.0
2026-04-14 10:40:00,14.08,14.12,14.08,14.1,4644,6550564.0
2026-04-14 10:45:00,14.1,14.12,14.08,14.09,9567,13487486.0
2026-04-14 10:50:00,14.1,14.1,14.08,14.09,4073,5736564.0
2026-04-14 10:55:00,14.09,14.09,14.06,14.07,3122,4393772.0
2026-04-14 11:00:00,14.06,14.08,14.05,14.05,3835,5394095.0
2026-04-14 11:05:00,14.05,14.08,14.05,14.08,3493,4910874.0
2026-04-14 11:10:00,14.08,14.08,14.06,14.07,2005,2819888.0
2026-04-14 11:15:00,14.07,14.07,14.05,14.05,1455,2045431.0
2026-04-14 11:20:00,14.05,14.06,14.04,14.04,3394,4769095.0
2026-04-14 11:25:00,14.04,14.05,14.04,14.05,1810,2541643.0
2026-04-14 11:30:00,14.05,14.05,14.02,14.03,3758,5274909.0
2026-04-14 13:05:00,14.03,14.12,14.03,14.1,11564,16288305.0
2026-04-14 13:10:00,14.1,14.12,14.06,14.06,6322,8913555.0
2026-04-14 13:15:00,14.06,14.09,14.06,14.09,2167,3050295.0
2026-04-14 13:20:00,14.09,14.09,14.05,14.06,2537,3568594.0
2026-04-14 13:25:00,14.06,14.07,14.04,14.04,3017,4240698.0
2026-04-14 13:30:00,14.05,14.06,14.03,14.06,4152,5828082.0
2026-04-14 13:35:00,14.07,14.07,14.03,14.03,2889,4059000.0
2026-04-14 13:40:00,14.04,14.08,14.04,14.08,3694,5196525.0
2026-04-14 13:45:00,14.08,14.1,14.07,14.09,5515,7770312.0
2026-04-14 13:50:00,14.08,14.09,14.07,14.09,1981,2789165.0
2026-04-14 13:55:00,14.09,14.09,14.07,14.08,3096,4359218.0
2026-04-14 14:00:00,14.07,14.08,14.07,14.08,1788,2516279.0
2026-04-14 14:05:00,14.08,14.12,14.07,14.1,9035,12743226.0
2026-04-14 14:10:00,14.1,14.11,14.09,14.1,2272,3204355.0
2026-04-14 14:15:00,14.1,14.11,14.09,14.1,3321,4682543.0
2026-04-14 14:20:00,14.11,14.11,14.09,14.11,2067,2914628.0
2026-04-14 14:25:00,14.11,14.11,14.1,14.11,4626,6525755.0
2026-04-14 14:30:00,14.11,14.11,14.09,14.1,3668,5171525.0
2026-04-14 14:35:00,14.1,14.11,14.09,14.11,3151,4443641.0
2026-04-14 14:40:00,14.11,14.12,14.09,14.11,7190,10143495.0
2026-04-14 14:45:00,14.12,14.13,14.12,14.13,5665,8001086.0
2026-04-14 14:50:00,14.12,14.14,14.12,14.13,6995,9885679.0
2026-04-14 14:55:00,14.12,14.13,14.12,14.13,13048,18435013.0
2026-04-14 15:00:00,14.13,14.14,14.12,14.14,14913,21076753.0
2026-04-15 09:35:00,14.19,14.19,14.05,14.07,37075,52343467.0
2026-04-15 09:40:00,14.07,14.09,14.01,14.02,23055,32376408.0
2026-04-15 09:45:00,14.03,14.08,14.0,14.05,13987,19639825.0
2026-04-15 09:50:00,14.05,14.15,14.05,14.11,10895,15370177.0
2026-04-15 09:55:00,14.11,14.14,14.08,14.11,7790,10985371.0
2026-04-15 10:00:00,14.11,14.19,14.1,14.19,12157,17196867.0
2026-04-15 10:05:00,14.19,14.2,14.13,14.13,8332,11801090.0
2026-04-15 10:10:00,14.13,14.17,14.13,14.16,6567,9293741.0
2026-04-15 10:15:00,14.16,14.16,14.11,14.14,6584,9304212.0
2026-04-15 10:20:00,14.14,14.14,14.12,14.12,4008,5661769.0
2026-04-15 10:25:00,14.12,14.13,14.1,14.1,3630,5123721.0
2026-04-15 10:30:00,14.1,14.11,14.1,14.1,3015,4252265.0
2026-04-15 10:35:00,14.1,14.12,14.08,14.09,4884,6884553.0
2026-04-15 10:40:00,14.09,14.12,14.08,14.11,4903,6909412.0
2026-04-15 10:45:00,14.11,14.12,14.1,14.11,2522,3557960.0
2026-04-15 10:50:00,14.12,14.12,14.09,14.09,2731,3850164.0
2026-04-15 10:55:00,14.08,14.1,14.08,14.08,3190,4494906.0
2026-04-15 11:00:00,14.08,14.11,14.08,14.09,1881,2651486.0
2026-04-15 11:05:00,14.09,14.09,14.07,14.08,3003,4228003.0
2026-04-15 11:10:00,14.08,14.08,14.05,14.07,3465,4873590.0
2026-04-15 11:15:00,14.07,14.09,14.06,14.08,1927,2712427.0
2026-04-15 11:20:00,14.07,14.1,14.07,14.08,3480,4900937.0
2026-04-15 11:25:00,14.08,14.1,14.08,14.08,1731,2438418.0
2026-04-15 11:30:00,14.09,14.11,14.08,14.1,1699,2394227.0
2026-04-15 13:05:00,14.11,14.12,14.05,14.05,5753,8103163.0
2026-04-15 13:10:00,14.06,14.08,14.06,14.07,2364,3326377.0
2026-04-15 13:15:00,14.06,14.07,14.05,14.05,3299,4638265.0
2026-04-15 13:20:00,14.04,14.05,14.03,14.05,9091,12763571.0
2026-04-15 13:25:00,14.05,14.05,14.03,14.04,3027,4249420.0
2026-04-15 13:30:00,14.04,14.04,14.02,14.02,4274,5996056.0
2026-04-15 13:35:00,14.03,14.05,14.02,14.04,3156,4429885.0
2026-04-15 13:40:00,14.05,14.05,14.02,14.03,2431,3411252.0
2026-04-15 13:45:00,14.03,14.04,14.02,14.04,1784,2503493.0
2026-04-15 13:50:00,14.04,14.04,14.02,14.03,3360,4715149.0
2026-04-15 13:55:00,14.03,14.03,14.02,14.02,1944,2726219.0
2026-04-15 14:00:00,14.02,14.04,14.02,14.03,2794,3920617.0
2026-04-15 14:05:00,14.03,14.04,14.02,14.03,3190,4475214.0
2026-04-15 14:10:00,14.03,14.03,14.02,14.03,2077,2913247.0
2026-04-15 14:15:00,14.02,14.03,14.02,14.03,3096,4342450.0
2026-04-15 14:20:00,14.03,14.03,14.0,14.03,11538,16170671.0
2026-04-15 14:25:00,14.03,14.05,14.03,14.04,3862,5422142.0
2026-04-15 14:30:00,14.04,14.05,14.03,14.05,2731,3834728.0
2026-04-15 14:35:00,14.04,14.06,14.03,14.04,5291,7432823.0
2026-04-15 14:40:00,14.03,14.03,14.01,14.01,7563,10605349.0
2026-04-15 14:45:00,14.01,14.04,14.01,14.04,4894,6866272.0
2026-04-15 14:50:00,14.03,14.04,14.02,14.03,6599,9256232.0
2026-04-15 14:55:00,14.03,14.06,14.02,14.05,9838,13814058.0
2026-04-15 15:00:00,14.05,14.05,14.03,14.04,10040,14098630.0
2026-04-16 09:35:00,14.14,14.3,14.05,14.11,66921,94898893.0
2026-04-16 09:40:00,14.11,14.15,14.06,14.09,22377,31564111.0
2026-04-16 09:45:00,14.09,14.11,14.07,14.08,10965,15444966.0
2026-04-16 09:50:00,14.09,14.09,14.04,14.08,14772,20772676.0
2026-04-16 09:55:00,14.08,14.14,14.08,14.13,7452,10515217.0
2026-04-16 10:00:00,14.12,14.13,14.08,14.11,7618,10748368.0
2026-04-16 10:05:00,14.1,14.13,14.08,14.11,6079,8576148.0
2026-04-16 10:10:00,14.11,14.18,14.09,14.16,9493,13421514.0
2026-04-16 10:15:00,14.15,14.15,14.13,14.15,4804,6791771.0
2026-04-16 10:20:00,14.15,14.15,14.11,14.12,3417,4828627.0
2026-04-16 10:25:00,14.11,14.15,14.11,14.13,3756,5306460.0
2026-04-16 10:30:00,14.12,14.16,14.11,14.14,7475,10570585.0
2026-04-16 10:35:00,14.15,14.15,14.13,14.13,3267,4620028.0
2026-04-16 10:40:00,14.14,14.15,14.12,14.13,3144,4443876.0
2026-04-16 10:45:00,14.12,14.13,14.11,14.11,3578,5050521.0
2026-04-16 10:50:00,14.12,14.12,14.08,14.1,5253,7406574.0
2026-04-16 10:55:00,14.11,14.11,14.09,14.11,1660,2341293.0
2026-04-16 11:00:00,14.12,14.14,14.11,14.13,1862,2629494.0
2026-04-16 11:05:00,14.14,14.14,14.12,14.13,1982,2800765.0
2026-04-16 11:10:00,14.13,14.17,14.12,14.15,6987,9887566.0
2026-04-16 11:15:00,14.15,14.16,14.13,14.14,2009,2841157.0
2026-04-16 11:20:00,14.13,14.16,14.13,14.16,2591,3666189.0
2026-04-16 11:25:00,14.16,14.18,14.15,14.18,4241,6007679.0
2026-04-16 11:30:00,14.18,14.18,14.16,14.17,2584,3661888.0
2026-04-16 13:05:00,14.17,14.28,14.17,14.27,28479,40529177.0
2026-04-16 13:10:00,14.27,14.33,14.25,14.28,37224,53191398.0
2026-04-16 13:15:00,14.28,14.28,14.2,14.21,9967,14185551.0
2026-04-16 13:20:00,14.21,14.24,14.21,14.22,10549,14999785.0
2026-04-16 13:25:00,14.23,14.24,14.22,14.22,3551,5052645.0
2026-04-16 13:30:00,14.22,14.23,14.2,14.21,5712,8118436.0
2026-04-16 13:35:00,14.22,14.24,14.21,14.21,4139,5886227.0
2026-04-16 13:40:00,14.22,14.23,14.19,14.2,7582,10770998.0
2026-04-16 13:45:00,14.2,14.21,14.17,14.19,4737,6720187.0
2026-04-16 13:50:00,14.19,14.2,14.18,14.2,2105,2987679.0
2026-04-16 13:55:00,14.19,14.21,14.19,14.21,2393,3398865.0
2026-04-16 14:00:00,14.21,14.22,14.19,14.19,4679,6646423.0
2026-04-16 14:05:00,14.2,14.2,14.18,14.19,3569,5065449.0
2026-04-16 14:10:00,14.19,14.21,14.18,14.2,5243,7442533.0
2026-04-16 14:15:00,14.2,14.22,14.2,14.22,3039,4319443.0
2026-04-16 14:20:00,14.22,14.22,14.21,14.22,4733,6727368.0
2026-04-16 14:25:00,14.22,14.23,14.21,14.22,3993,5677862.0
2026-04-16 14:30:00,14.23,14.23,14.2,14.2,8931,12693142.0
2026-04-16 14:35:00,14.2,14.22,14.2,14.2,4096,5819091.0
2026-04-16 14:40:00,14.2,14.22,14.2,14.2,4620,6563184.0
2026-04-16 14:45:00,14.21,14.21,14.2,14.21,5993,8512998.0
2026-04-16 14:50:00,14.2,14.21,14.2,14.2,7351,10442172.0
2026-04-16 14:55:00,14.2,14.22,14.19,14.2,13334,18938307.0
2026-04-16 15:00:00,14.2,14.2,14.18,14.2,10900,15473682.0
2026-04-17 09:35:00,14.14,14.29,14.1,14.21,42742,60665620.0
2026-04-17 09:40:00,14.21,14.43,14.21,14.3,44323,63520888.0
2026-04-17 09:45:00,14.31,14.31,14.21,14.21,14571,20768695.0
2026-04-17 09:50:00,14.21,14.21,14.16,14.2,16837,23896595.0
2026-04-17 09:55:00,14.19,14.24,14.18,14.24,9197,13075553.0
2026-04-17 10:00:00,14.23,14.24,14.17,14.2,11192,15899622.0
2026-04-17 10:05:00,14.2,14.21,14.19,14.21,6447,9155130.0
2026-04-17 10:10:00,14.2,14.23,14.19,14.2,7314,10394158.0
2026-04-17 10:15:00,14.19,14.29,14.19,14.27,11859,16912080.0
2026-04-17 10:20:00,14.26,14.29,14.25,14.26,6124,8739022.0
2026-04-17 10:25:00,14.25,14.27,14.25,14.26,4633,6605935.0
2026-04-17 10:30:00,14.26,14.26,14.24,14.25,2764,3938380.0
2026-04-17 10:35:00,14.25,14.26,14.24,14.26,3394,4837203.0
2026-04-17 10:40:00,14.25,14.26,14.25,14.26,2286,3259033.0
2026-04-17 10:45:00,14.26,14.27,14.26,14.26,2973,4241200.0
2026-04-17 10:50:00,14.26,14.28,14.26,14.28,2627,3749632.0
2026-04-17 10:55:00,14.28,14.48,14.27,14.39,36205,52116732.0
2026-04-17 11:00:00,14.39,14.4,14.36,14.36,13963,20075765.0
2026-04-17 11:05:00,14.37,14.38,14.35,14.38,5925,8508976.0
2026-04-17 11:10:00,14.38,14.38,14.35,14.36,3704,5320402.0
2026-04-17 11:15:00,14.36,14.36,14.34,14.34,3605,5171861.0
2026-04-17 11:20:00,14.35,14.37,14.34,14.35,5312,7624328.0
2026-04-17 11:25:00,14.34,14.34,14.31,14.31,4272,6119736.0
2026-04-17 11:30:00,14.31,14.32,14.31,14.32,2803,4012796.0
2026-04-17 13:05:00,14.31,14.33,14.3,14.31,5266,7536144.0
2026-04-17 13:10:00,14.31,14.4,14.3,14.35,7078,10168822.0
2026-04-17 13:15:00,14.37,14.39,14.35,14.35,3781,5433261.0
2026-04-17 13:20:00,14.35,14.36,14.33,14.35,3169,4546655.0
2026-04-17 13:25:00,14.34,14.37,14.34,14.36,3412,4896818.0
2026-04-17 13:30:00,14.36,14.5,14.34,14.45,25630,37011311.0
2026-04-17 13:35:00,14.46,14.49,14.41,14.45,21983,31765106.0
2026-04-17 13:40:00,14.45,14.56,14.43,14.56,30255,43844090.0
2026-04-17 13:45:00,14.55,14.78,14.55,14.68,100364,147272777.0
2026-04-17 13:50:00,14.68,14.97,14.65,14.97,87025,128977603.0
2026-04-17 13:55:00,14.97,15.4,14.97,15.1,127060,192946295.0
2026-04-17 14:00:00,15.1,15.1,14.98,14.99,47699,71730017.0
2026-04-17 14:05:00,14.99,14.99,14.83,14.96,32974,49189442.0
2026-04-17 14:10:00,14.95,15.0,14.9,14.96,23862,35694314.0
2026-04-17 14:15:00,14.96,14.97,14.88,14.95,14662,21887919.0
2026-04-17 14:20:00,14.95,14.95,14.92,14.93,9994,14927143.0
2026-04-17 14:25:00,14.93,14.97,14.93,14.96,13025,19472590.0
2026-04-17 14:30:00,14.95,14.96,14.92,14.93,12128,18116413.0
2026-04-17 14:35:00,14.93,14.94,14.92,14.93,9552,14263386.0
2026-04-17 14:40:00,14.93,14.94,14.92,14.92,10259,15321160.0
2026-04-17 14:45:00,14.92,14.94,14.92,14.93,14162,21137130.0
2026-04-17 14:50:00,14.92,14.93,14.88,14.89,20236,30167028.0
2026-04-17 14:55:00,14.88,14.9,14.88,14.9,24744,36848052.0
2026-04-17 15:00:00,14.9,14.92,14.89,14.91,20894,31144508.0
2026-04-20 09:35:00,14.58,14.58,14.4,14.52,118392,171757159.0
2026-04-20 09:40:00,14.51,14.58,14.46,14.51,37619,54581519.0
2026-04-20 09:45:00,14.5,14.52,14.4,14.46,49805,71928442.0
2026-04-20 09:50:00,14.47,14.48,14.42,14.42,28164,40667186.0
2026-04-20 09:55:00,14.43,14.49,14.41,14.46,22274,32161833.0
2026-04-20 10:00:00,14.46,14.52,14.45,14.47,17609,25517253.0
2026-04-20 10:05:00,14.47,14.57,14.45,14.57,17440,25251190.0
2026-04-20 10:10:00,14.57,14.57,14.5,14.52,13745,19972467.0
2026-04-20 10:15:00,14.51,14.52,14.46,14.48,10072,14587796.0
2026-04-20 10:20:00,14.47,14.53,14.46,14.53,10178,14733378.0
2026-04-20 10:25:00,14.52,14.55,14.5,14.51,14171,20591882.0
2026-04-20 10:30:00,14.49,14.51,14.49,14.51,7819,11337834.0
2026-04-20 10:35:00,14.51,14.51,14.49,14.5,8704,12621920.0
2026-04-20 10:40:00,14.51,14.56,14.5,14.56,7429,10796721.0
2026-04-20 10:45:00,14.57,14.57,14.53,14.54,8056,11717212.0
2026-04-20 10:50:00,14.54,14.54,14.51,14.52,5409,7856276.0
2026-04-20 10:55:00,14.52,14.52,14.51,14.51,4154,6030379.0
2026-04-20 11:00:00,14.52,14.52,14.5,14.51,5672,8231405.0
2026-04-20 11:05:00,14.51,14.51,14.48,14.49,9332,13530116.0
2026-04-20 11:10:00,14.49,14.49,14.45,14.46,14920,21582601.0
2026-04-20 11:15:00,14.46,14.48,14.46,14.48,4735,6852423.0
2026-04-20 11:20:00,14.47,14.48,14.46,14.48,3745,5419974.0
2026-04-20 11:25:00,14.48,14.51,14.47,14.51,3873,5612311.0
2026-04-20 11:30:00,14.52,14.53,14.51,14.52,5229,7591657.0
2026-04-20 13:05:00,14.51,14.66,14.51,14.62,20616,30076387.0
2026-04-20 13:10:00,14.62,14.66,14.61,14.63,11744,17186715.0
2026-04-20 13:15:00,14.63,14.73,14.63,14.67,18368,26965926.0
2026-04-20 13:20:00,14.68,14.68,14.61,14.61,7028,10282495.0
2026-04-20 13:25:00,14.61,14.62,14.57,14.6,6959,10154821.0
2026-04-20 13:30:00,14.59,14.59,14.54,14.55,5944,8655369.0
2026-04-20 13:35:00,14.54,14.56,14.54,14.54,7138,10384371.0
2026-04-20 13:40:00,14.55,14.55,14.52,14.52,5000,7267120.0
2026-04-20 13:45:00,14.52,14.53,14.51,14.51,4741,6884901.0
2026-04-20 13:50:00,14.52,14.55,14.51,14.52,6336,9204817.0
2026-04-20 13:55:00,14.52,14.53,14.51,14.51,3184,4622749.0
2026-04-20 14:00:00,14.52,14.53,14.51,14.52,5531,8029925.0
2026-04-20 14:05:00,14.51,14.52,14.5,14.52,4940,7167612.0
2026-04-20 14:10:00,14.52,14.53,14.51,14.53,3379,4906597.0
2026-04-20 14:15:00,14.53,14.53,14.52,14.53,3167,4599717.0
2026-04-20 14:20:00,14.53,14.53,14.52,14.52,3197,4643749.0
2026-04-20 14:25:00,14.52,14.55,14.52,14.54,4316,6274933.0
2026-04-20 14:30:00,14.54,14.59,14.54,14.57,6556,9550750.0
2026-04-20 14:35:00,14.57,14.57,14.54,14.55,6624,9639554.0
2026-04-20 14:40:00,14.55,14.57,14.54,14.56,6681,9722619.0
2026-04-20 14:45:00,14.56,14.58,14.56,14.58,6052,8818033.0
2026-04-20 14:50:00,14.57,14.58,14.56,14.56,9426,13731585.0
2026-04-20 14:55:00,14.56,14.58,14.56,14.57,14373,20938007.0
2026-04-20 15:00:00,14.58,14.6,14.57,14.6,14872,21689234.0
2026-04-21 09:35:00,14.55,14.95,14.48,14.94,69364,102199700.0
2026-04-21 09:40:00,14.93,15.12,14.85,14.98,88754,132930898.0
2026-04-21 09:45:00,14.99,15.03,14.77,14.84,54213,80852670.0
2026-04-21 09:50:00,14.83,14.83,14.71,14.71,32535,48101995.0
2026-04-21 09:55:00,14.72,14.8,14.72,14.8,15854,23421991.0
2026-04-21 10:00:00,14.81,14.86,14.81,14.86,13360,19814285.0
2026-04-21 10:05:00,14.85,14.96,14.85,14.92,21108,31454512.0
2026-04-21 10:10:00,14.93,14.94,14.87,14.87,15313,22836777.0
2026-04-21 10:15:00,14.87,14.99,14.87,14.97,22301,33349498.0
2026-04-21 10:20:00,14.99,15.09,14.99,15.02,54296,81703378.0
2026-04-21 10:25:00,15.02,15.03,14.93,14.96,15776,23653570.0
2026-04-21 10:30:00,14.96,15.0,14.95,14.98,6221,9314412.0
2026-04-21 10:35:00,14.99,15.01,14.97,14.97,10329,15485113.0
2026-04-21 10:40:00,14.97,15.06,14.97,14.97,11772,17673226.0
2026-04-21 10:45:00,14.97,14.99,14.95,14.97,6348,9500419.0
2026-04-21 10:50:00,14.96,14.97,14.86,14.9,8678,12933954.0
2026-04-21 10:55:00,14.9,14.95,14.87,14.9,7233,10784511.0
2026-04-21 11:00:00,14.9,14.91,14.88,14.89,3542,5275479.0
2026-04-21 11:05:00,14.89,14.9,14.88,14.9,4034,6005986.0
2026-04-21 11:10:00,14.9,14.92,14.89,14.91,3610,5379090.0
2026-04-21 11:15:00,14.9,14.91,14.89,14.89,2539,3782666.0
2026-04-21 11:20:00,14.9,14.9,14.88,14.88,4250,6329273.0
2026-04-21 11:25:00,14.88,14.89,14.88,14.88,4019,5981406.0
2026-04-21 11:30:00,14.88,14.89,14.88,14.89,2929,4359769.0
2026-04-21 13:05:00,14.9,14.9,14.85,14.85,8702,12942488.0
2026-04-21 13:10:00,14.85,14.85,14.83,14.83,5899,8757853.0
2026-04-21 13:15:00,14.84,14.84,14.81,14.81,4966,7360521.0
2026-04-21 13:20:00,14.82,14.86,14.81,14.83,6337,9398898.0
2026-04-21 13:25:00,14.83,14.83,14.8,14.8,5472,8103584.0
2026-04-21 13:30:00,14.8,14.82,14.75,14.75,8298,12275463.0
2026-04-21 13:35:00,14.75,14.8,14.75,14.8,9236,13639750.0
2026-04-21 13:40:00,14.79,14.8,14.78,14.8,4482,6628716.0
2026-04-21 13:45:00,14.8,14.82,14.79,14.81,3251,4814848.0
2026-04-21 13:50:00,14.81,14.82,14.77,14.78,5095,7540034.0
2026-04-21 13:55:00,14.77,14.81,14.77,14.8,4416,6531859.0
2026-04-21 14:00:00,14.81,14.81,14.79,14.79,4160,6156677.0
2026-04-21 14:05:00,14.79,14.79,14.74,14.75,6797,10037309.0
2026-04-21 14:10:00,14.74,14.76,14.72,14.76,7268,10711163.0
2026-04-21 14:15:00,14.76,14.78,14.75,14.76,5126,7567974.0
2026-04-21 14:20:00,14.75,14.76,14.71,14.71,5947,8756012.0
2026-04-21 14:25:00,14.72,14.74,14.71,14.73,6201,9130096.0
2026-04-21 14:30:00,14.73,14.75,14.73,14.75,4037,5950033.0
2026-04-21 14:35:00,14.75,14.75,14.74,14.74,4496,6629685.0
2026-04-21 14:40:00,14.74,14.75,14.74,14.75,6005,8854237.0
2026-04-21 14:45:00,14.74,14.76,14.74,14.76,6564,9679849.0
2026-04-21 14:50:00,14.75,14.8,14.75,14.77,10681,15787999.0
2026-04-21 14:55:00,14.77,14.8,14.77,14.79,11639,17205111.0
2026-04-21 15:00:00,14.79,14.8,14.79,14.8,13973,20676727.0
2026-04-22 09:35:00,14.71,14.71,14.14,14.42,89859,129348672.0
2026-04-22 09:40:00,14.42,14.55,14.35,14.35,35469,51191094.0
2026-04-22 09:45:00,14.36,14.43,14.35,14.4,26985,38800390.0
2026-04-22 09:50:00,14.4,14.4,14.33,14.35,25839,37100862.0
2026-04-22 09:55:00,14.35,14.36,14.31,14.32,19385,27779274.0
2026-04-22 10:00:00,14.32,14.39,14.32,14.34,10652,15287669.0
2026-04-22 10:05:00,14.33,14.34,14.25,14.3,26638,38069235.0
2026-04-22 10:10:00,14.31,14.32,14.27,14.32,13295,18995051.0
2026-04-22 10:15:00,14.31,14.34,14.29,14.29,8352,11951781.0
2026-04-22 10:20:00,14.29,14.31,14.21,14.21,20706,29498826.0
2026-04-22 10:25:00,14.22,14.25,14.21,14.24,10327,14697776.0
2026-04-22 10:30:00,14.25,14.27,14.24,14.24,8794,12531672.0
2026-04-22 10:35:00,14.26,14.26,14.22,14.22,7344,10449875.0
2026-04-22 10:40:00,14.23,14.28,14.22,14.28,6365,9065166.0
2026-04-22 10:45:00,14.28,14.31,14.26,14.31,7966,11380079.0
2026-04-22 10:50:00,14.3,14.34,14.3,14.31,5685,8141579.0
2026-04-22 10:55:00,14.3,14.31,14.28,14.29,4311,6160744.0
2026-04-22 11:00:00,14.29,14.29,14.26,14.26,4492,6410688.0
2026-04-22 11:05:00,14.26,14.29,14.26,14.28,2535,3617908.0
2026-04-22 11:10:00,14.29,14.3,14.29,14.3,2126,3039265.0
2026-04-22 11:15:00,14.29,14.31,14.29,14.3,2691,3847239.0
2026-04-22 11:20:00,14.29,14.3,14.28,14.28,3502,5003846.0
2026-04-22 11:25:00,14.29,14.29,14.28,14.28,2514,3590566.0
2026-04-22 11:30:00,14.29,14.29,14.27,14.29,2796,3993778.0
2026-04-22 13:05:00,14.29,14.3,14.27,14.29,5565,7950545.0
2026-04-22 13:10:00,14.29,14.3,14.26,14.26,5594,7985424.0
2026-04-22 13:15:00,14.26,14.27,14.25,14.26,5318,7582764.0
2026-04-22 13:20:00,14.25,14.28,14.25,14.27,4683,6677769.0
2026-04-22 13:25:00,14.26,14.3,14.26,14.29,3977,5677672.0
2026-04-22 13:30:00,14.3,14.35,14.29,14.29,5190,7432140.0
2026-04-22 13:35:00,14.3,14.33,14.28,14.33,4013,5737022.0
2026-04-22 13:40:00,14.33,14.33,14.31,14.33,2848,4078598.0
2026-04-22 13:45:00,14.33,14.33,14.31,14.33,2502,3584067.0
2026-04-22 13:50:00,14.33,14.33,14.3,14.31,4721,6757098.0
2026-04-22 13:55:00,14.3,14.31,14.3,14.3,3128,4474124.0
2026-04-22 14:00:00,14.31,14.31,14.3,14.31,2820,4033752.0
2026-04-22 14:05:00,14.31,14.32,14.3,14.31,3205,4585552.0
2026-04-22 14:10:00,14.31,14.31,14.3,14.31,5166,7388627.0
2026-04-22 14:15:00,14.3,14.31,14.29,14.31,3138,4487625.0
2026-04-22 14:20:00,14.3,14.31,14.29,14.29,3495,4997378.0
2026-04-22 14:25:00,14.3,14.3,14.29,14.3,3920,5602968.0
2026-04-22 14:30:00,14.3,14.31,14.28,14.31,4298,6143907.0
2026-04-22 14:35:00,14.3,14.31,14.28,14.29,5840,8346486.0
2026-04-22 14:40:00,14.3,14.32,14.29,14.32,7414,10604961.0
2026-04-22 14:45:00,14.32,14.33,14.31,14.33,6447,9232713.0
2026-04-22 14:50:00,14.32,14.35,14.32,14.35,10427,14946644.0
2026-04-22 14:55:00,14.34,14.4,14.34,14.38,13629,19586530.0
2026-04-22 15:00:00,14.38,14.4,14.36,14.4,14856,21370523.0
2026-04-23 09:35:00,14.28,14.46,14.25,14.38,33376,47900306.0
2026-04-23 09:40:00,14.38,14.4,14.21,14.21,21458,30692451.0
2026-04-23 09:45:00,14.21,14.23,14.13,14.21,31891,45239840.0
2026-04-23 09:50:00,14.21,14.27,14.18,14.19,15374,21873036.0
2026-04-23 09:55:00,14.18,14.21,14.14,14.16,19651,27831195.0
2026-04-23 10:00:00,14.15,14.22,14.15,14.22,9707,13752875.0
2026-04-23 10:05:00,14.21,14.21,14.16,14.2,7533,10684622.0
2026-04-23 10:10:00,14.2,14.22,14.17,14.17,6413,9104392.0
2026-04-23 10:15:00,14.17,14.18,14.14,14.16,10754,15222620.0
2026-04-23 10:20:00,14.16,14.16,14.13,14.15,9510,13449958.0
2026-04-23 10:25:00,14.15,14.27,14.14,14.23,12077,17171227.0
2026-04-23 10:30:00,14.23,14.24,14.2,14.21,3472,4938870.0
2026-04-23 10:35:00,14.21,14.23,14.2,14.2,2870,4078901.0
2026-04-23 10:40:00,14.2,14.32,14.2,14.31,8572,12235262.0
2026-04-23 10:45:00,14.32,14.38,14.28,14.35,14360,20576669.0
2026-04-23 10:50:00,14.33,14.34,14.27,14.29,7873,11261210.0
2026-04-23 10:55:00,14.28,14.29,14.26,14.28,3178,4535443.0
2026-04-23 11:00:00,14.28,14.29,14.23,14.25,3527,5027934.0
2026-04-23 11:05:00,14.24,14.26,14.23,14.25,2313,3295283.0
2026-04-23 11:10:00,14.24,14.25,14.2,14.21,4708,6691525.0
2026-04-23 11:15:00,14.2,14.21,14.18,14.19,3270,4640388.0
2026-04-23 11:20:00,14.19,14.19,14.16,14.16,4626,6555912.0
2026-04-23 11:25:00,14.16,14.17,14.14,14.15,7201,10191388.0
2026-04-23 11:30:00,14.15,14.18,14.15,14.16,4321,6118391.0
2026-04-23 13:05:00,14.16,14.19,14.15,14.16,5870,8311513.0
2026-04-23 13:10:00,14.15,14.16,14.14,14.16,3856,5456700.0
2026-04-23 13:15:00,14.16,14.19,14.15,14.19,3260,4621288.0
2026-04-23 13:20:00,14.18,14.19,14.16,14.19,2874,4073983.0
2026-04-23 13:25:00,14.18,14.21,14.18,14.18,2394,3397202.0
2026-04-23 13:30:00,14.18,14.19,14.17,14.17,5322,7543398.0
2026-04-23 13:35:00,14.18,14.18,14.16,14.17,3314,4693765.0
2026-04-23 13:40:00,14.17,14.18,14.15,14.16,3898,5520862.0
2026-04-23 13:45:00,14.15,14.18,14.15,14.16,5360,7590558.0
2026-04-23 13:50:00,14.15,14.17,14.15,14.16,4189,5931185.0
2026-04-23 13:55:00,14.16,14.22,14.16,14.19,3364,4769945.0
2026-04-23 14:00:00,14.19,14.2,14.18,14.19,1931,2740722.0
2026-04-23 14:05:00,14.18,14.2,14.17,14.17,2492,3534483.0
2026-04-23 14:10:00,14.17,14.18,14.16,14.17,2182,3092015.0
2026-04-23 14:15:00,14.18,14.18,14.17,14.17,1628,2307533.0
2026-04-23 14:20:00,14.17,14.18,14.16,14.17,4113,5828027.0
2026-04-23 14:25:00,14.18,14.18,14.16,14.17,4241,6007377.0
2026-04-23 14:30:00,14.16,14.17,14.15,14.15,3824,5416310.0
2026-04-23 14:35:00,14.16,14.17,14.15,14.17,4577,6480350.0
2026-04-23 14:40:00,14.16,14.2,14.16,14.19,3625,5140507.0
2026-04-23 14:45:00,14.2,14.22,14.19,14.21,4087,5804047.0
2026-04-23 14:50:00,14.21,14.26,14.21,14.23,7962,11335341.0
2026-04-23 14:55:00,14.24,14.26,14.23,14.25,11131,15860486.0
2026-04-23 15:00:00,14.25,14.3,14.24,14.3,15270,21805890.0
2026-04-24 09:35:00,14.15,14.22,13.8,13.86,49771,69558316.0
2026-04-24 09:40:00,13.86,13.91,13.86,13.87,27905,38724253.0
2026-04-24 09:45:00,13.87,13.87,13.77,13.83,37525,51856526.0
2026-04-24 09:50:00,13.83,13.84,13.78,13.81,15080,20820960.0
2026-04-24 09:55:00,13.81,13.81,13.72,13.77,20724,28537790.0
2026-04-24 10:00:00,13.77,13.83,13.77,13.81,8963,12365709.0
2026-04-24 10:05:00,13.81,13.81,13.74,13.75,8859,12200613.0
2026-04-24 10:10:00,13.75,13.83,13.74,13.83,7654,10544971.0
2026-04-24 10:15:00,13.82,13.84,13.8,13.83,5278,7291151.0
2026-04-24 10:20:00,13.83,13.88,13.83,13.84,6223,8622877.0
2026-04-24 10:25:00,13.85,13.92,13.83,13.92,9296,12903117.0
2026-04-24 10:30:00,13.93,13.96,13.92,13.96,7687,10725261.0
2026-04-24 10:35:00,13.94,13.99,13.93,13.93,10431,14557022.0
2026-04-24 10:40:00,13.93,13.94,13.9,13.93,6626,9218928.0
2026-04-24 10:45:00,13.94,13.96,13.92,13.94,4349,6063365.0
2026-04-24 10:50:00,13.93,13.95,13.92,13.94,4266,5943191.0
2026-04-24 10:55:00,13.93,13.95,13.93,13.95,2156,3006459.0
2026-04-24 11:00:00,13.95,13.99,13.94,13.98,4660,6509416.0
2026-04-24 11:05:00,13.99,14.23,13.99,14.1,22786,32187808.0
2026-04-24 11:10:00,14.1,14.18,14.09,14.15,11205,15839077.0
2026-04-24 11:15:00,14.16,14.3,14.13,14.18,15594,22169820.0
2026-04-24 11:20:00,14.19,14.25,14.19,14.24,9097,12934653.0
2026-04-24 11:25:00,14.24,14.32,14.2,14.2,14923,21303647.0
2026-04-24 11:30:00,14.22,14.27,14.2,14.27,3991,5685477.0
2026-04-24 13:05:00,14.27,14.35,14.23,14.34,11737,16771279.0
2026-04-24 13:10:00,14.33,14.36,14.29,14.34,10375,14869455.0
2026-04-24 13:15:00,14.34,14.37,14.28,14.29,18558,26613799.0
2026-04-24 13:20:00,14.28,14.29,14.25,14.26,3941,5620748.0
2026-04-24 13:25:00,14.26,14.26,14.21,14.23,5432,7728071.0
2026-04-24 13:30:00,14.22,14.24,14.22,14.24,1894,2695193.0
2026-04-24 13:35:00,14.23,14.24,14.2,14.2,3576,5082971.0
2026-04-24 13:40:00,14.2,14.22,14.19,14.22,1685,2393125.0
2026-04-24 13:45:00,14.21,14.24,14.2,14.2,1610,2289594.0
2026-04-24 13:50:00,14.2,14.21,14.2,14.2,1100,1562150.0
2026-04-24 13:55:00,14.2,14.22,14.2,14.21,1619,2300505.0
2026-04-24 14:00:00,14.21,14.22,14.2,14.2,1878,2668792.0
2026-04-24 14:05:00,14.2,14.21,14.18,14.18,3193,4531986.0
2026-04-24 14:10:00,14.18,14.22,14.18,14.21,4272,6067612.0
2026-04-24 14:15:00,14.21,14.22,14.2,14.2,5498,7816116.0
2026-04-24 14:20:00,14.2,14.21,14.19,14.19,2004,2846149.0
2026-04-24 14:25:00,14.2,14.21,14.2,14.21,2474,3514613.0
2026-04-24 14:30:00,14.2,14.21,14.2,14.21,2647,3759518.0
2026-04-24 14:35:00,14.21,14.21,14.19,14.21,2364,3357354.0
2026-04-24 14:40:00,14.21,14.21,14.2,14.21,3038,4315946.0
2026-04-24 14:45:00,14.21,14.21,14.2,14.2,4913,6977977.0
2026-04-24 14:50:00,14.21,14.21,14.2,14.2,4447,6316075.0
2026-04-24 14:55:00,14.21,14.21,14.19,14.19,8150,11570927.0
2026-04-24 15:00:00,14.2,14.2,14.18,14.18,10073,14289824.0
2026-04-27 09:35:00,14.03,14.19,14.03,14.08,23891,33721739.0
2026-04-27 09:40:00,14.08,14.15,14.03,14.04,16966,23898598.0
2026-04-27 09:45:00,14.05,14.05,13.9,13.92,23219,32422260.0
2026-04-27 09:50:00,13.92,13.98,13.85,13.97,23409,32564413.0
2026-04-27 09:55:00,13.97,14.08,13.97,14.06,11880,16672829.0
2026-04-27 10:00:00,14.05,14.07,13.93,13.94,7181,10043337.0
2026-04-27 10:05:00,13.95,14.01,13.95,13.99,5843,8170181.0
2026-04-27 10:10:00,13.98,14.01,13.96,14.0,6378,8917554.0
2026-04-27 10:15:00,14.0,14.01,13.96,13.97,5347,7476076.0
2026-04-27 10:20:00,13.98,14.0,13.96,13.98,4261,5955976.0
2026-04-27 10:25:00,13.98,14.01,13.97,14.0,4346,6080669.0
2026-04-27 10:30:00,13.99,14.0,13.96,13.96,4086,5712215.0
2026-04-27 10:35:00,13.96,13.98,13.94,13.97,4587,6400780.0
2026-04-27 10:40:00,13.96,13.97,13.89,13.89,9068,12625376.0
2026-04-27 10:45:00,13.9,13.93,13.9,13.92,5882,8186273.0
2026-04-27 10:50:00,13.91,13.92,13.9,13.92,3772,5245918.0
2026-04-27 10:55:00,13.92,13.93,13.9,13.93,4651,6469817.0
2026-04-27 11:00:00,13.93,13.93,13.91,13.92,1841,2562748.0
2026-04-27 11:05:00,13.92,13.92,13.86,13.89,12836,17825347.0
2026-04-27 11:10:00,13.88,13.91,13.88,13.89,3134,4354805.0
2026-04-27 11:15:00,13.89,13.92,13.89,13.92,5449,7575655.0
2026-04-27 11:20:00,13.94,13.94,13.91,13.92,2346,3268279.0
2026-04-27 11:25:00,13.92,13.94,13.91,13.92,5476,7625748.0
2026-04-27 11:30:00,13.92,13.93,13.91,13.92,2588,3602148.0
2026-04-27 13:05:00,13.93,13.96,13.87,13.96,20165,28028124.0
2026-04-27 13:10:00,13.97,13.97,13.92,13.93,4297,5991880.0
2026-04-27 13:15:00,13.93,14.0,13.93,13.98,6105,8536727.0
2026-04-27 13:20:00,13.98,13.98,13.94,13.94,2877,4016686.0
2026-04-27 13:25:00,13.93,13.95,13.93,13.93,3933,5483199.0
2026-04-27 13:30:00,13.94,13.95,13.93,13.94,3128,4359382.0
2026-04-27 13:35:00,13.94,13.95,13.93,13.95,3452,4812711.0
2026-04-27 13:40:00,13.93,13.96,13.92,13.96,6930,9660983.0
2026-04-27 13:45:00,13.95,13.96,13.93,13.94,2262,3155106.0
2026-04-27 13:50:00,13.93,13.94,13.92,13.93,3734,5200851.0
2026-04-27 13:55:00,13.93,13.99,13.93,13.96,6115,8538955.0
2026-04-27 14:00:00,13.97,13.98,13.94,13.95,3871,5403133.0
2026-04-27 14:05:00,13.94,13.95,13.93,13.94,1787,2491614.0
2026-04-27 14:10:00,13.94,13.95,13.93,13.93,2924,4075990.0
2026-04-27 14:15:00,13.94,13.94,13.92,13.93,2211,3079396.0
2026-04-27 14:20:00,13.92,13.94,13.89,13.9,8669,12062394.0
2026-04-27 14:25:00,13.9,13.9,13.88,13.89,7137,9911005.0
2026-04-27 14:30:00,13.9,13.91,13.89,13.9,4381,6089642.0
2026-04-27 14:35:00,13.9,13.9,13.89,13.89,4210,5849075.0
2026-04-27 14:40:00,13.9,13.9,13.88,13.89,8159,11327810.0
2026-04-27 14:45:00,13.88,13.92,13.88,13.91,6928,9629940.0
2026-04-27 14:50:00,13.91,13.92,13.9,13.92,5185,7211730.0
2026-04-27 14:55:00,13.91,13.92,13.89,13.89,9136,12700928.0
2026-04-27 15:00:00,13.91,13.92,13.89,13.91,13904,19332398.0
2026-04-28 09:35:00,13.81,13.81,13.67,13.69,31615,43465780.0
2026-04-28 09:40:00,13.69,13.77,13.59,13.6,28798,39346285.0
2026-04-28 09:45:00,13.6,13.66,13.57,13.64,24180,32920436.0
2026-04-28 09:50:00,13.64,13.65,13.63,13.64,11387,15527927.0
2026-04-28 09:55:00,13.64,13.64,13.51,13.55,20558,27904968.0
2026-04-28 10:00:00,13.55,13.57,13.53,13.54,20378,27600201.0
2026-04-28 10:05:00,13.54,13.54,13.5,13.51,18411,24882279.0
2026-04-28 10:10:00,13.5,13.57,13.5,13.56,8308,11250644.0
2026-04-28 10:15:00,13.56,13.58,13.55,13.56,4964,6733981.0
2026-04-28 10:20:00,13.55,13.55,13.48,13.49,15571,21020879.0
2026-04-28 10:25:00,13.5,13.5,13.48,13.48,6988,9427623.0
2026-04-28 10:30:00,13.48,13.49,13.43,13.45,19040,25624373.0
2026-04-28 10:35:00,13.45,13.48,13.43,13.46,7767,10445926.0
2026-04-28 10:40:00,13.47,13.5,13.46,13.5,3316,4471193.0
2026-04-28 10:45:00,13.5,13.5,13.49,13.49,3911,5278228.0
2026-04-28 10:50:00,13.5,13.55,13.49,13.55,2885,3896495.0
2026-04-28 10:55:00,13.54,13.55,13.51,13.54,3726,5042469.0
2026-04-28 11:00:00,13.54,13.54,13.5,13.51,3142,4244855.0
2026-04-28 11:05:00,13.51,13.54,13.51,13.52,5617,7595902.0
2026-04-28 11:10:00,13.52,13.53,13.51,13.52,2513,3397942.0
2026-04-28 11:15:00,13.51,13.52,13.49,13.49,2423,3272145.0
2026-04-28 11:20:00,13.5,13.52,13.49,13.51,2879,3886145.0
2026-04-28 11:25:00,13.52,13.53,13.51,13.52,1128,1524587.0
2026-04-28 11:30:00,13.52,13.52,13.5,13.5,1992,2692248.0
2026-04-28 13:05:00,13.52,13.52,13.49,13.49,3070,4143860.0
2026-04-28 13:10:00,13.49,13.51,13.49,13.49,2736,3692576.0
2026-04-28 13:15:00,13.49,13.5,13.48,13.49,2673,3605065.0
2026-04-28 13:20:00,13.48,13.5,13.48,13.49,2891,3899926.0
2026-04-28 13:25:00,13.5,13.5,13.49,13.49,2766,3731707.0
2026-04-28 13:30:00,13.49,13.5,13.47,13.48,4339,5850546.0
2026-04-28 13:35:00,13.47,13.48,13.45,13.45,4436,5971378.0
2026-04-28 13:40:00,13.45,13.46,13.43,13.45,4890,6574769.0
2026-04-28 13:45:00,13.45,13.45,13.43,13.45,3938,5292375.0
2026-04-28 13:50:00,13.44,13.45,13.43,13.43,3435,4615856.0
2026-04-28 13:55:00,13.44,13.44,13.4,13.42,8268,11094423.0
2026-04-28 14:00:00,13.43,13.45,13.41,13.45,2999,4026484.0
2026-04-28 14:05:00,13.44,13.45,13.43,13.44,3466,4658060.0
2026-04-28 14:10:00,13.44,13.49,13.44,13.48,2897,3900766.0
2026-04-28 14:15:00,13.49,13.49,13.48,13.49,1941,2617082.0
2026-04-28 14:20:00,13.49,13.49,13.46,13.47,2833,3816353.0
2026-04-28 14:25:00,13.46,13.47,13.44,13.44,3905,5252435.0
2026-04-28 14:30:00,13.44,13.45,13.43,13.44,2748,3693606.0
2026-04-28 14:35:00,13.44,13.45,13.42,13.42,3712,4985302.0
2026-04-28 14:40:00,13.43,13.46,13.41,13.45,7101,9542832.0
2026-04-28 14:45:00,13.46,13.49,13.43,13.49,8960,12056078.0
2026-04-28 14:50:00,13.49,13.51,13.47,13.48,6909,9322383.0
2026-04-28 14:55:00,13.49,13.5,13.48,13.48,8057,10864974.0
2026-04-28 15:00:00,13.48,13.49,13.45,13.45,11956,16101964.0
2026-04-29 09:35:00,13.49,13.65,13.47,13.6,28338,38501767.0
2026-04-29 09:40:00,13.6,13.63,13.59,13.59,16319,22214694.0
2026-04-29 09:45:00,13.58,13.64,13.57,13.61,10061,13696829.0
2026-04-29 09:50:00,13.61,13.66,13.61,13.64,12179,16606118.0
2026-04-29 09:55:00,13.64,13.7,13.64,13.7,8950,12233236.0
2026-04-29 10:00:00,13.7,13.7,13.64,13.64,7246,9903901.0
2026-04-29 10:05:00,13.64,13.7,13.63,13.7,7317,9995939.0
2026-04-29 10:10:00,13.65,13.69,13.65,13.68,16348,22334805.0
2026-04-29 10:15:00,13.68,13.7,13.65,13.66,12183,16646817.0
2026-04-29 10:20:00,13.66,13.69,13.66,13.67,6264,8562565.0
2026-04-29 10:25:00,13.69,13.7,13.65,13.68,15792,21586568.0
2026-04-29 10:30:00,13.67,13.69,13.64,13.65,6971,9521853.0
2026-04-29 10:35:00,13.65,13.68,13.64,13.65,6426,8776922.0
2026-04-29 10:40:00,13.66,13.66,13.62,13.62,4138,5644359.0
2026-04-29 10:45:00,13.62,13.63,13.61,13.63,5911,8048702.0
2026-04-29 10:50:00,13.63,13.64,13.62,13.64,3087,4208349.0
2026-04-29 10:55:00,13.65,13.65,13.63,13.63,1598,2180007.0
2026-04-29 11:00:00,13.63,13.64,13.59,13.62,7177,9765952.0
2026-04-29 11:05:00,13.62,13.63,13.6,13.63,2925,3982194.0
2026-04-29 11:10:00,13.63,13.63,13.6,13.63,5272,7180221.0
2026-04-29 11:15:00,13.63,13.65,13.63,13.65,2525,3444583.0
2026-04-29 11:20:00,13.65,13.67,13.65,13.65,3486,4760663.0
2026-04-29 11:25:00,13.66,13.66,13.64,13.64,2625,3583883.0
2026-04-29 11:30:00,13.64,13.65,13.63,13.65,1248,1702265.0
2026-04-29 13:05:00,13.64,13.66,13.64,13.64,3772,5146843.0
2026-04-29 13:10:00,13.65,13.65,13.6,13.62,4575,6231918.0
2026-04-29 13:15:00,13.62,13.62,13.59,13.6,5065,6889771.0
2026-04-29 13:20:00,13.61,13.61,13.57,13.59,6626,9004366.0
2026-04-29 13:25:00,13.59,13.6,13.58,13.6,3560,4838066.0
2026-04-29 13:30:00,13.6,13.63,13.6,13.62,3800,5172711.0
2026-04-29 13:35:00,13.63,13.63,13.61,13.63,3177,4328497.0
2026-04-29 13:40:00,13.63,13.63,13.61,13.61,2479,3376025.0
2026-04-29 13:45:00,13.62,13.63,13.61,13.63,3014,4105698.0
2026-04-29 13:50:00,13.62,13.63,13.61,13.62,2429,3307429.0
2026-04-29 13:55:00,13.61,13.63,13.61,13.63,3651,4971891.0
2026-04-29 14:00:00,13.62,13.63,13.6,13.6,2465,3355121.0
2026-04-29 14:05:00,13.6,13.62,13.6,13.62,3552,4833182.0
2026-04-29 14:10:00,13.61,13.62,13.6,13.6,1881,2559038.0
2026-04-29 14:15:00,13.6,13.61,13.6,13.6,2711,3687254.0
2026-04-29 14:20:00,13.6,13.62,13.6,13.62,4900,6668171.0
2026-04-29 14:25:00,13.62,13.62,13.61,13.61,4188,5701304.0
2026-04-29 14:30:00,13.61,13.62,13.6,13.61,3693,5024807.0
2026-04-29 14:35:00,13.61,13.61,13.58,13.58,6087,8271830.0
2026-04-29 14:40:00,13.58,13.59,13.57,13.57,5618,7626738.0
2026-04-29 14:45:00,13.58,13.59,13.57,13.57,6393,8681859.0
2026-04-29 14:50:00,13.57,13.59,13.57,13.57,8611,11691791.0
2026-04-29 14:55:00,13.58,13.58,13.56,13.56,10611,14397509.0
2026-04-29 15:00:00,13.56,13.57,13.55,13.55,12402,16811558.0
2026-04-30 09:35:00,13.52,13.71,13.52,13.61,33027,45028787.0
2026-04-30 09:40:00,13.62,13.63,13.54,13.6,15717,21346622.0
2026-04-30 09:45:00,13.59,13.64,13.56,13.62,12146,16521353.0
2026-04-30 09:50:00,13.62,13.65,13.59,13.64,8890,12106771.0
2026-04-30 09:55:00,13.62,13.65,13.6,13.64,8560,11665941.0
2026-04-30 10:00:00,13.64,13.64,13.61,13.62,8278,11284251.0
2026-04-30 10:05:00,13.62,13.62,13.58,13.6,5448,7406745.0
2026-04-30 10:10:00,13.6,13.69,13.6,13.65,11700,15980290.0
2026-04-30 10:15:00,13.65,13.68,13.64,13.66,6628,9053535.0
2026-04-30 10:20:00,13.66,13.67,13.64,13.67,6187,8451480.0
2026-04-30 10:25:00,13.66,13.69,13.64,13.69,8221,11239249.0
2026-04-30 10:30:00,13.69,13.69,13.66,13.66,4032,5514130.0
2026-04-30 10:35:00,13.66,13.67,13.63,13.65,2931,4000290.0
2026-04-30 10:40:00,13.65,13.65,13.63,13.64,1993,2718519.0
2026-04-30 10:45:00,13.64,13.74,13.63,13.72,13833,18942915.0
2026-04-30 10:50:00,13.72,13.72,13.68,13.69,5107,6994327.0
2026-04-30 10:55:00,13.69,13.69,13.66,13.66,2600,3554979.0
2026-04-30 11:00:00,13.66,13.68,13.66,13.68,2210,3021443.0
2026-04-30 11:05:00,13.68,13.69,13.67,13.68,2455,3358380.0
2026-04-30 11:10:00,13.68,13.68,13.65,13.68,4133,5648235.0
2026-04-30 11:15:00,13.67,13.7,13.67,13.7,5164,7069073.0
2026-04-30 11:20:00,13.7,13.71,13.68,13.69,7539,10322449.0
2026-04-30 11:25:00,13.68,13.7,13.67,13.69,3983,5450208.0
2026-04-30 11:30:00,13.69,13.7,13.67,13.69,3043,4164791.0
2026-04-30 13:05:00,13.69,13.69,13.65,13.65,6358,8692917.0
2026-04-30 13:10:00,13.65,13.67,13.64,13.64,3841,5241975.0
2026-04-30 13:15:00,13.65,13.65,13.62,13.64,4648,6335784.0
2026-04-30 13:20:00,13.63,13.65,13.62,13.64,3508,4783349.0
2026-04-30 13:25:00,13.65,13.65,13.62,13.62,3528,4809730.0
2026-04-30 13:30:00,13.62,13.67,13.62,13.66,5686,7751732.0
2026-04-30 13:35:00,13.65,13.71,13.64,13.66,10167,13914847.0
2026-04-30 13:40:00,13.66,13.67,13.65,13.66,2181,2979623.0
2026-04-30 13:45:00,13.66,13.67,13.65,13.66,1850,2527475.0
2026-04-30 13:50:00,13.67,13.67,13.65,13.66,2833,3869662.0
2026-04-30 13:55:00,13.66,13.67,13.65,13.67,3073,4198083.0
2026-04-30 14:00:00,13.66,13.68,13.66,13.67,2816,3850060.0
2026-04-30 14:05:00,13.68,13.68,13.66,13.67,3473,4748094.0
2026-04-30 14:10:00,13.67,13.71,13.67,13.71,8242,11282440.0
2026-04-30 14:15:00,13.7,13.77,13.7,13.74,18220,25030830.0
2026-04-30 14:20:00,13.74,13.78,13.71,13.78,7404,10176824.0
2026-04-30 14:25:00,13.78,13.78,13.75,13.77,7292,10035500.0
2026-04-30 14:30:00,13.77,13.77,13.74,13.75,4934,6788524.0
2026-04-30 14:35:00,13.74,13.75,13.74,13.75,5717,7858186.0
2026-04-30 14:40:00,13.75,13.8,13.75,13.8,9973,13742618.0
2026-04-30 14:45:00,13.8,13.8,13.77,13.77,6929,9554001.0
2026-04-30 14:50:00,13.77,13.79,13.77,13.79,8749,12058409.0
2026-04-30 14:55:00,13.79,13.8,13.77,13.78,17602,24272532.0
2026-04-30 15:00:00,13.77,13.78,13.76,13.78,13594,18724761.0
2026-05-06 09:35:00,13.7,13.75,13.4,13.41,75578,102528293.0
2026-05-06 09:40:00,13.42,13.68,13.42,13.66,32787,44326406.0
2026-05-06 09:45:00,13.65,13.7,13.58,13.58,21494,29311481.0
2026-05-06 09:50:00,13.58,13.59,13.54,13.54,14298,19389892.0
2026-05-06 09:55:00,13.54,13.55,13.5,13.54,13926,18834895.0
2026-05-06 10:00:00,13.53,13.6,13.52,13.59,10122,13717342.0
2026-05-06 10:05:00,13.59,13.6,13.56,13.56,8687,11797936.0
2026-05-06 10:10:00,13.56,13.65,13.55,13.62,11739,15960850.0
2026-05-06 10:15:00,13.62,13.62,13.58,13.6,6157,8373773.0
2026-05-06 10:20:00,13.6,13.64,13.58,13.63,8896,12104672.0
2026-05-06 10:25:00,13.64,13.74,13.63,13.71,14349,19639169.0
2026-05-06 10:30:00,13.71,13.74,13.71,13.73,10443,14330543.0
2026-05-06 10:35:00,13.73,13.74,13.69,13.7,6709,9203637.0
2026-05-06 10:40:00,13.69,13.71,13.66,13.66,7258,9938760.0
2026-05-06 10:45:00,13.65,13.7,13.65,13.69,3939,5385071.0
2026-05-06 10:50:00,13.69,13.69,13.66,13.66,3561,4868678.0
2026-05-06 10:55:00,13.67,13.67,13.66,13.66,3255,4447669.0
2026-05-06 11:00:00,13.67,13.68,13.66,13.68,2772,3789521.0
2026-05-06 11:05:00,13.67,13.69,13.66,13.66,6541,8941628.0
2026-05-06 11:10:00,13.67,13.67,13.65,13.65,2875,3925741.0
2026-05-06 11:15:00,13.65,13.67,13.64,13.67,4753,6490303.0
2026-05-06 11:20:00,13.67,13.67,13.65,13.66,2801,3826101.0
2026-05-06 11:25:00,13.66,13.66,13.64,13.66,3295,4499229.0
2026-05-06 11:30:00,13.66,13.66,13.64,13.64,2720,3712882.0
2026-05-06 13:05:00,13.64,13.66,13.62,13.63,6884,9390551.0
2026-05-06 13:10:00,13.63,13.64,13.61,13.63,6270,8539982.0
2026-05-06 13:15:00,13.62,13.65,13.62,13.64,4295,5857143.0
2026-05-06 13:20:00,13.65,13.68,13.63,13.68,4491,6133320.0
2026-05-06 13:25:00,13.68,13.68,13.65,13.65,2857,3903115.0
2026-05-06 13:30:00,13.65,13.66,13.64,13.65,2750,3753496.0
2026-05-06 13:35:00,13.65,13.65,13.62,13.64,3256,4438573.0
2026-05-06 13:40:00,13.64,13.64,13.62,13.63,3169,4320020.0
2026-05-06 13:45:00,13.63,13.63,13.58,13.59,8940,12166150.0
2026-05-06 13:50:00,13.59,13.6,13.57,13.59,5204,7068836.0
2026-05-06 13:55:00,13.59,13.59,13.56,13.56,6850,9296896.0
2026-05-06 14:00:00,13.56,13.57,13.55,13.55,5768,7817934.0
2026-05-06 14:05:00,13.55,13.55,13.51,13.53,8150,11026813.0
2026-05-06 14:10:00,13.53,13.53,13.48,13.49,12279,16580088.0
2026-05-06 14:15:00,13.5,13.53,13.49,13.52,7434,10037016.0
2026-05-06 14:20:00,13.51,13.53,13.51,13.53,4147,5605536.0
2026-05-06 14:25:00,13.53,13.53,13.52,13.52,1834,2480705.0
2026-05-06 14:30:00,13.52,13.54,13.52,13.53,4665,6310459.0
2026-05-06 14:35:00,13.54,13.55,13.53,13.55,4286,5801134.0
2026-05-06 14:40:00,13.54,13.55,13.53,13.55,4711,6379441.0
2026-05-06 14:45:00,13.54,13.55,13.53,13.54,6219,8422301.0
2026-05-06 14:50:00,13.54,13.55,13.53,13.54,7612,10306269.0
2026-05-06 14:55:00,13.54,13.56,13.54,13.55,10730,14536365.0
2026-05-06 15:00:00,13.54,13.55,13.53,13.54,9008,12197602.0
2026-05-07 09:35:00,13.55,13.59,13.54,13.58,16986,23042386.0
2026-05-07 09:40:00,13.59,13.59,13.49,13.5,15088,20420630.0
2026-05-07 09:45:00,13.5,13.51,13.45,13.45,17944,24184948.0
2026-05-07 09:50:00,13.45,13.46,13.4,13.43,19906,26734839.0
2026-05-07 09:55:00,13.43,13.5,13.42,13.47,9192,12377426.0
2026-05-07 10:00:00,13.48,13.52,13.43,13.49,9682,13035237.0
2026-05-07 10:05:00,13.49,13.49,13.46,13.47,4248,5722183.0
2026-05-07 10:10:00,13.46,13.48,13.45,13.45,8568,11530453.0
2026-05-07 10:15:00,13.45,13.46,13.42,13.42,15632,20998401.0
2026-05-07 10:20:00,13.42,13.42,13.41,13.41,10537,14132352.0
2026-05-07 10:25:00,13.41,13.42,13.41,13.42,5380,7215286.0
2026-05-07 10:30:00,13.42,13.42,13.4,13.4,11639,15598961.0
2026-05-07 10:35:00,13.4,13.43,13.4,13.4,5179,6946619.0
2026-05-07 10:40:00,13.41,13.43,13.41,13.42,2698,3619073.0
2026-05-07 10:45:00,13.42,13.42,13.41,13.42,2184,2930006.0
2026-05-07 10:50:00,13.42,13.42,13.41,13.41,3568,4786590.0
2026-05-07 10:55:00,13.42,13.42,13.41,13.42,2903,3893814.0
2026-05-07 11:00:00,13.41,13.42,13.38,13.4,14953,20028741.0
2026-05-07 11:05:00,13.4,13.4,13.38,13.4,5476,7331869.0
2026-05-07 11:10:00,13.4,13.4,13.38,13.39,4577,6129111.0
2026-05-07 11:15:00,13.39,13.4,13.39,13.4,2553,3419825.0
2026-05-07 11:20:00,13.4,13.43,13.39,13.42,2374,3184842.0
2026-05-07 11:25:00,13.42,13.42,13.41,13.41,834,1118708.0
2026-05-07 11:30:00,13.41,13.43,13.4,13.42,1945,2609231.0
2026-05-07 13:05:00,13.43,13.43,13.39,13.39,5390,7225929.0
2026-05-07 13:10:00,13.39,13.4,13.37,13.38,8061,10787401.0
2026-05-07 13:15:00,13.38,13.39,13.38,13.38,2088,2794501.0
2026-05-07 13:20:00,13.38,13.39,13.37,13.38,3875,5182496.0
2026-05-07 13:25:00,13.37,13.38,13.36,13.37,2960,3958023.0
2026-05-07 13:30:00,13.37,13.43,13.37,13.42,5039,6746527.0
2026-05-07 13:35:00,13.42,13.46,13.39,13.46,5812,7807478.0
2026-05-07 13:40:00,13.46,13.47,13.43,13.45,5307,7141331.0
2026-05-07 13:45:00,13.46,13.46,13.41,13.43,5101,6854691.0
2026-05-07 13:50:00,13.44,13.49,13.43,13.47,8353,11252682.0
2026-05-07 13:55:00,13.47,13.51,13.46,13.49,8413,11347751.0
2026-05-07 14:00:00,13.49,13.5,13.47,13.48,2825,3811155.0
2026-05-07 14:05:00,13.47,13.5,13.47,13.5,3310,4464818.0
2026-05-07 14:10:00,13.5,13.5,13.48,13.49,3129,4220556.0
2026-05-07 14:15:00,13.49,13.5,13.48,13.48,1998,2695465.0
2026-05-07 14:20:00,13.48,13.5,13.48,13.48,2970,4005768.0
2026-05-07 14:25:00,13.48,13.49,13.47,13.48,2075,2797299.0
2026-05-07 14:30:00,13.48,13.48,13.47,13.47,1883,2537594.0
2026-05-07 14:35:00,13.48,13.5,13.47,13.49,8477,11427010.0
2026-05-07 14:40:00,13.5,13.53,13.49,13.52,9846,13304243.0
2026-05-07 14:45:00,13.52,13.58,13.51,13.58,12346,16728617.0
2026-05-07 14:50:00,13.58,13.58,13.55,13.55,7188,9751584.0
2026-05-07 14:55:00,13.56,13.56,13.54,13.55,8830,11965307.0
2026-05-07 15:00:00,13.55,13.56,13.54,13.54,7092,9605876.0
2026-05-08 09:35:00,13.5,13.65,13.47,13.6,24907,33830863.0
2026-05-08 09:40:00,13.6,13.63,13.6,13.63,11967,16298733.0
2026-05-08 09:45:00,13.64,13.66,13.64,13.64,9340,12746672.0
2026-05-08 09:50:00,13.64,13.65,13.61,13.65,11567,15762193.0
2026-05-08 09:55:00,13.66,13.7,13.61,13.63,14298,19538266.0
2026-05-08 10:00:00,13.63,13.65,13.63,13.64,3696,5041052.0
2026-05-08 10:05:00,13.64,13.67,13.63,13.65,6782,9259385.0
2026-05-08 10:10:00,13.65,13.69,13.65,13.68,4834,6610418.0
2026-05-08 10:15:00,13.68,13.73,13.66,13.68,14333,19629115.0
2026-05-08 10:20:00,13.67,13.75,13.67,13.72,11085,15212684.0
2026-05-08 10:25:00,13.73,13.76,13.72,13.72,8863,12179204.0
2026-05-08 10:30:00,13.71,13.71,13.67,13.67,5977,8179921.0
2026-05-08 10:35:00,13.66,13.71,13.66,13.7,4243,5811100.0
2026-05-08 10:40:00,13.7,13.72,13.7,13.7,3846,5273141.0
2026-05-08 10:45:00,13.7,13.72,13.7,13.71,4473,6130816.0
2026-05-08 10:50:00,13.71,13.74,13.7,13.74,6783,9309031.0
2026-05-08 10:55:00,13.74,13.85,13.73,13.79,24649,33977780.0
2026-05-08 11:00:00,13.79,13.8,13.76,13.78,6205,8555025.0
2026-05-08 11:05:00,13.79,13.79,13.74,13.77,5205,7160530.0
2026-05-08 11:10:00,13.77,13.77,13.74,13.75,3895,5355215.0
2026-05-08 11:15:00,13.75,13.79,13.74,13.78,3107,4275703.0
2026-05-08 11:20:00,13.78,13.79,13.75,13.77,3016,4153926.0
2026-05-08 11:25:00,13.77,13.77,13.73,13.73,2939,4039825.0
2026-05-08 11:30:00,13.73,13.74,13.71,13.72,2544,3491091.0
2026-05-08 13:05:00,13.72,13.79,13.72,13.77,6275,8627903.0
2026-05-08 13:10:00,13.77,13.79,13.76,13.77,3856,5312939.0
2026-05-08 13:15:00,13.77,13.78,13.77,13.78,3804,5240144.0
2026-05-08 13:20:00,13.78,13.79,13.77,13.79,3171,4369807.0
2026-05-08 13:25:00,13.78,13.8,13.78,13.78,3979,5486954.0
2026-05-08 13:30:00,13.78,13.79,13.77,13.78,1708,2353428.0
2026-05-08 13:35:00,13.79,13.8,13.78,13.79,3396,4682799.0
2026-05-08 13:40:00,13.79,13.8,13.78,13.79,2972,4099090.0
2026-05-08 13:45:00,13.8,13.8,13.79,13.8,2063,2846028.0
2026-05-08 13:50:00,13.79,13.83,13.79,13.82,8691,12002042.0
2026-05-08 13:55:00,13.83,13.84,13.82,13.83,5047,6979044.0
2026-05-08 14:00:00,13.83,13.87,13.82,13.86,8947,12384258.0
2026-05-08 14:05:00,13.87,13.89,13.85,13.87,10281,14262240.0
2026-05-08 14:10:00,13.87,13.88,13.81,13.81,3612,5002788.0
2026-05-08 14:15:00,13.82,13.84,13.82,13.83,2416,3340703.0
2026-05-08 14:20:00,13.84,13.84,13.82,13.83,3096,4282038.0
2026-05-08 14:25:00,13.82,13.84,13.81,13.81,2809,3883160.0
2026-05-08 14:30:00,13.82,13.82,13.8,13.81,3384,4672822.0
2026-05-08 14:35:00,13.81,13.82,13.8,13.81,2613,3608546.0
2026-05-08 14:40:00,13.82,13.82,13.79,13.8,4333,5981454.0
2026-05-08 14:45:00,13.8,13.8,13.78,13.78,3439,4742231.0
2026-05-08 14:50:00,13.78,13.8,13.78,13.79,4080,5625403.0
2026-05-08 14:55:00,13.79,13.79,13.77,13.79,9375,12921829.0
2026-05-08 15:00:00,13.79,13.8,13.78,13.79,10386,14323791.0
2026-05-11 09:35:00,13.8,14.03,13.8,14.01,32675,45515963.0
2026-05-11 09:40:00,14.01,14.02,13.89,13.97,25098,35065042.0
2026-05-11 09:45:00,13.96,14.23,13.93,14.22,57505,81047912.0
2026-05-11 09:50:00,14.23,14.38,14.19,14.35,55232,78944110.0
2026-05-11 09:55:00,14.36,14.4,14.29,14.37,32737,47027955.0
2026-05-11 10:00:00,14.35,14.37,14.3,14.36,17105,24539779.0
2026-05-11 10:05:00,14.36,14.4,14.3,14.39,23848,34237782.0
2026-05-11 10:10:00,14.39,14.39,14.34,14.35,14589,20960907.0
2026-05-11 10:15:00,14.36,14.37,14.27,14.27,12744,18259414.0
2026-05-11 10:20:00,14.27,14.28,14.22,14.24,10488,14945087.0
2026-05-11 10:25:00,14.22,14.24,14.18,14.2,10478,14888159.0
2026-05-11 10:30:00,14.2,14.22,14.17,14.22,9101,12919223.0
2026-05-11 10:35:00,14.22,14.22,14.16,14.19,6683,9481290.0
2026-05-11 10:40:00,14.18,14.22,14.18,14.19,5006,7109206.0
2026-05-11 10:45:00,14.19,14.2,14.17,14.17,3735,5299481.0
2026-05-11 10:50:00,14.17,14.31,14.17,14.29,10809,15403089.0
2026-05-11 10:55:00,14.29,14.3,14.26,14.26,3534,5046628.0
2026-05-11 11:00:00,14.26,14.27,14.24,14.26,3446,4913926.0
2026-05-11 11:05:00,14.25,14.28,14.25,14.27,2115,3017282.0
2026-05-11 11:10:00,14.26,14.3,14.26,14.28,4438,6341112.0
2026-05-11 11:15:00,14.29,14.29,14.25,14.28,2901,4140073.0
2026-05-11 11:20:00,14.28,14.3,14.28,14.28,2553,3647993.0
2026-05-11 11:25:00,14.29,14.29,14.26,14.27,2959,4223134.0
2026-05-11 11:30:00,14.28,14.29,14.27,14.28,2139,3054913.0
2026-05-11 13:05:00,14.28,14.29,14.17,14.18,8506,12099807.0
2026-05-11 13:10:00,14.17,14.21,14.17,14.21,5177,7346430.0
2026-05-11 13:15:00,14.2,14.2,14.15,14.17,5784,8194830.0
2026-05-11 13:20:00,14.16,14.16,14.13,14.14,5039,7127563.0
2026-05-11 13:25:00,14.15,14.16,14.14,14.15,2674,3784325.0
2026-05-11 13:30:00,14.15,14.16,14.11,14.15,5146,7275493.0
2026-05-11 13:35:00,14.14,14.14,14.09,14.11,8069,11381560.0
2026-05-11 13:40:00,14.11,14.15,14.1,14.15,4506,6370720.0
2026-05-11 13:45:00,14.14,14.15,14.13,14.13,1785,2523461.0
2026-05-11 13:50:00,14.13,14.14,14.13,14.13,1966,2779405.0
2026-05-11 13:55:00,14.13,14.15,14.11,14.11,4578,6470941.0
2026-05-11 14:00:00,14.11,14.14,14.11,14.13,5330,7526917.0
2026-05-11 14:05:00,14.13,14.19,14.13,14.19,3456,4895817.0
2026-05-11 14:10:00,14.18,14.21,14.18,14.21,3428,4865492.0
2026-05-11 14:15:00,14.2,14.23,14.2,14.21,3724,5293654.0
2026-05-11 14:20:00,14.22,14.22,14.2,14.2,3787,5381497.0
2026-05-11 14:25:00,14.2,14.21,14.19,14.19,2766,3926865.0
2026-05-11 14:30:00,14.19,14.2,14.19,14.19,1786,2534670.0
2026-05-11 14:35:00,14.19,14.22,14.19,14.21,6245,8871863.0
2026-05-11 14:40:00,14.2,14.21,14.19,14.2,3143,4461268.0
2026-05-11 14:45:00,14.19,14.2,14.18,14.19,4038,5730616.0
2026-05-11 14:50:00,14.19,14.2,14.18,14.2,7300,10357601.0
2026-05-11 14:55:00,14.2,14.2,14.19,14.19,10644,15109364.0
2026-05-11 15:00:00,14.19,14.21,14.19,14.2,10774,15298590.0
2026-05-12 09:35:00,14.37,14.41,14.17,14.2,29668,42406552.0
2026-05-12 09:40:00,14.2,14.21,14.11,14.12,17500,24810096.0
2026-05-12 09:45:00,14.13,14.3,14.13,14.24,13470,19140531.0
2026-05-12 09:50:00,14.25,14.31,14.25,14.29,11329,16185948.0
2026-05-12 09:55:00,14.29,14.42,14.27,14.41,24557,35268486.0
2026-05-12 10:00:00,14.42,14.43,14.34,14.34,10036,14432499.0
2026-05-12 10:05:00,14.34,14.37,14.32,14.35,11174,16027297.0
2026-05-12 10:10:00,14.35,14.39,14.34,14.38,11259,16175578.0
2026-05-12 10:15:00,14.38,14.4,14.35,14.36,11132,16015629.0
2026-05-12 10:20:00,14.37,14.45,14.36,14.4,18389,26513417.0
2026-05-12 10:25:00,14.4,14.41,14.37,14.38,4918,7079065.0
2026-05-12 10:30:00,14.38,14.4,14.37,14.39,3657,5260331.0
2026-05-12 10:35:00,14.39,14.41,14.37,14.37,6722,9671250.0
2026-05-12 10:40:00,14.36,14.38,14.34,14.35,4943,7094742.0
2026-05-12 10:45:00,14.36,14.4,14.36,14.38,2727,3921129.0
2026-05-12 10:50:00,14.38,14.39,14.36,14.36,2338,3360143.0
2026-05-12 10:55:00,14.36,14.36,14.31,14.31,2392,3429745.0
2026-05-12 11:00:00,14.31,14.32,14.3,14.3,3181,4552058.0
2026-05-12 11:05:00,14.31,14.35,14.28,14.3,8865,12685104.0
2026-05-12 11:10:00,14.31,14.35,14.3,14.32,3081,4410473.0
2026-05-12 11:15:00,14.32,14.33,14.28,14.3,3685,5268973.0
2026-05-12 11:20:00,14.29,14.3,14.26,14.27,4734,6759290.0
2026-05-12 11:25:00,14.26,14.27,14.23,14.24,7366,10498849.0
2026-05-12 11:30:00,14.24,14.24,14.2,14.22,5073,7211456.0
2026-05-12 13:05:00,14.22,14.36,14.22,14.25,13899,19884437.0
2026-05-12 13:10:00,14.24,14.26,14.17,14.17,7178,10201212.0
2026-05-12 13:15:00,14.17,14.18,14.16,14.17,7329,10384738.0
2026-05-12 13:20:00,14.17,14.2,14.14,14.19,8690,12305790.0
2026-05-12 13:25:00,14.2,14.22,14.18,14.22,4777,6783433.0
2026-05-12 13:30:00,14.21,14.22,14.19,14.19,2697,3830998.0
2026-05-12 13:35:00,14.19,14.19,14.16,14.16,4454,6312724.0
2026-05-12 13:40:00,14.16,14.18,14.15,14.18,3280,4645886.0
2026-05-12 13:45:00,14.16,14.19,14.16,14.18,2907,4119886.0
2026-05-12 13:50:00,14.18,14.22,14.16,14.22,4052,5748008.0
2026-05-12 13:55:00,14.22,14.24,14.2,14.2,2026,2882290.0
2026-05-12 14:00:00,14.2,14.3,14.2,14.28,7108,10138165.0
2026-05-12 14:05:00,14.29,14.34,14.28,14.29,6379,9126108.0
2026-05-12 14:10:00,14.29,14.3,14.25,14.25,2018,2881478.0
2026-05-12 14:15:00,14.25,14.26,14.23,14.25,1898,2704143.0
2026-05-12 14:20:00,14.25,14.29,14.24,14.29,2786,3975419.0
2026-05-12 14:25:00,14.28,14.32,14.27,14.3,3831,5475304.0
2026-05-12 14:30:00,14.31,14.31,14.26,14.26,1781,2544630.0
2026-05-12 14:35:00,14.27,14.29,14.26,14.29,3006,4291925.0
2026-05-12 14:40:00,14.29,14.32,14.28,14.32,6228,8905561.0
2026-05-12 14:45:00,14.32,14.33,14.31,14.32,4645,6650632.0
2026-05-12 14:50:00,14.31,14.32,14.3,14.3,5861,8388039.0
2026-05-12 14:55:00,14.31,14.33,14.3,14.31,8788,12580362.0
2026-05-12 15:00:00,14.31,14.33,14.31,14.33,8653,12394116.0
2026-05-13 09:35:00,14.33,14.53,14.29,14.5,34247,49359664.0
2026-05-13 09:40:00,14.48,14.69,14.48,14.68,49326,72013230.0
2026-05-13 09:45:00,14.69,14.96,14.65,14.95,68285,101127649.0
2026-05-13 09:50:00,14.94,15.07,14.83,14.85,98503,147535254.0
2026-05-13 09:55:00,14.86,14.86,14.78,14.78,21581,31963839.0
2026-05-13 10:00:00,14.78,14.87,14.76,14.76,16939,25088516.0
2026-05-13 10:05:00,14.76,14.77,14.72,14.74,9428,13895569.0
2026-05-13 10:10:00,14.74,14.78,14.72,14.77,9559,14093232.0
2026-05-13 10:15:00,14.76,14.77,14.73,14.73,4753,7011070.0
2026-05-13 10:20:00,14.73,14.75,14.68,14.69,8167,12015958.0
2026-05-13 10:25:00,14.69,14.7,14.67,14.67,6794,9975281.0
2026-05-13 10:30:00,14.68,14.68,14.65,14.66,5520,8092417.0
2026-05-13 10:35:00,14.67,14.67,14.62,14.64,6539,9573195.0
2026-05-13 10:40:00,14.64,14.64,14.6,14.6,8506,12429469.0
2026-05-13 10:45:00,14.61,14.67,14.6,14.62,9436,13807692.0
2026-05-13 10:50:00,14.62,14.62,14.59,14.6,6471,9448063.0
2026-05-13 10:55:00,14.61,14.63,14.57,14.58,4927,7191616.0
2026-05-13 11:00:00,14.59,14.63,14.58,14.6,5035,7348502.0
2026-05-13 11:05:00,14.61,14.61,14.59,14.61,1710,2496787.0
2026-05-13 11:10:00,14.61,14.7,14.6,14.69,4478,6559753.0
2026-05-13 11:15:00,14.7,14.7,14.6,14.61,4120,6030521.0
2026-05-13 11:20:00,14.62,14.65,14.62,14.64,3155,4616982.0
2026-05-13 11:25:00,14.64,14.65,14.63,14.64,2497,3655326.0
2026-05-13 11:30:00,14.64,14.7,14.64,14.68,4246,6231492.0
2026-05-13 13:05:00,14.68,14.68,14.6,14.63,6849,10022747.0
2026-05-13 13:10:00,14.64,14.68,14.61,14.67,4623,6770020.0
2026-05-13 13:15:00,14.67,14.67,14.63,14.65,3071,4497554.0
2026-05-13 13:20:00,14.64,14.65,14.63,14.64,3643,5331137.0
2026-05-13 13:25:00,14.64,14.65,14.63,14.63,2430,3557689.0
2026-05-13 13:30:00,14.63,14.64,14.6,14.61,3521,5145822.0
2026-05-13 13:35:00,14.59,14.6,14.58,14.58,6761,9863262.0
2026-05-13 13:40:00,14.58,14.59,14.57,14.59,1709,2491770.0
2026-05-13 13:45:00,14.59,14.6,14.57,14.59,4844,7066277.0
2026-05-13 13:50:00,14.59,14.59,14.56,14.56,3973,5790807.0
2026-05-13 13:55:00,14.56,14.56,14.55,14.55,4163,6058820.0
2026-05-13 14:00:00,14.55,14.58,14.55,14.58,4948,7203940.0
2026-05-13 14:05:00,14.58,14.58,14.55,14.57,2790,4063586.0
2026-05-13 14:10:00,14.55,14.56,14.53,14.53,3765,5474836.0
2026-05-13 14:15:00,14.53,14.56,14.53,14.55,3654,5314354.0
2026-05-13 14:20:00,14.54,14.56,14.54,14.54,4101,5966868.0
2026-05-13 14:25:00,14.55,14.55,14.53,14.53,4083,5935658.0
2026-05-13 14:30:00,14.53,14.55,14.53,14.55,4974,7230670.0
2026-05-13 14:35:00,14.54,14.57,14.54,14.57,4824,7020541.0
2026-05-13 14:40:00,14.57,14.57,14.55,14.55,4442,6464937.0
2026-05-13 14:45:00,14.56,14.57,14.55,14.56,6075,8843737.0
2026-05-13 14:50:00,14.57,14.59,14.56,14.59,6409,9342274.0
2026-05-13 14:55:00,14.57,14.58,14.55,14.55,11635,16945068.0
2026-05-13 15:00:00,14.55,14.55,14.53,14.53,10717,15581584.0
